rank,stadium,capacity,region,country,city,images,home_team,location
1,Rungrado 1st of May Stadium,113281,East Asia,North Korea,Pyongyang,https://upload.wikimedia.org/wikipedia/commons/thumb/e/e3/Interior_of_the_Rungrado_1st_of_May_Stadium_1.jpg/250px-Interior_of_the_Rungrado_1st_of_May_Stadium_1.jpg,"Korea DPR national football team, Korea DPR women's national football team, April 25",
2,Camp Nou,99354,Europe,Spain,"Barcelona, Catalonia",https://upload.wikimedia.org/wikipedia/commons/thumb/5/53/Barcelona_309.JPG/250px-Barcelona_309.JPG,FC Barcelona,
3,FNB Stadium,94736,Africa,South Africa,"Johannesburg, Gauteng",https://upload.wikimedia.org/wikipedia/commons/thumb/c/c0/First_game_of_the_2010_FIFA_World_Cup%2C_South_Africa_vs_Mexico.jpg/250px-First_game_of_the_2010_FIFA_World_Cup%2C_South_Africa_vs_Mexico.jpg,"South Africa national football team, Kaizer Chiefs",
4,New Admin­is­trative Capital Stadium,93940,Africa,Egypt,New Administrative Capital,https://upload.wikimedia.org/wikipedia/commons/thumb/b/ba/New_Administrative_Capital_Stadium.jpg/250px-New_Administrative_Capital_Stadium.jpg,Egypt national football team,
5,Cotton Bowl Stadium,92100,North America,United States,"Dallas, Texas",https://upload.wikimedia.org/wikipedia/commons/thumb/5/52/2019_State_Fair_Classic_01_%28Cotton_Bowl%29.jpg/250px-2019_State_Fair_Classic_01_%28Cotton_Bowl%29.jpg,"Atlético Dallas, Dallas Trinity FC",
6,Wembley Stadium,90000,Europe,England,"London, England",https://upload.wikimedia.org/wikipedia/commons/thumb/b/bb/Post_L2_Play-Off_Final.jpg/250px-Post_L2_Play-Off_Final.jpg,England national football team,
7,Lusail Stadium,88966,West Asia,Qatar,Lusail,https://upload.wikimedia.org/wikipedia/en/thumb/a/a3/Lusail_Stadium.jpg/250px-Lusail_Stadium.jpg,Qatar national football team,
8,Estadio Azteca,87523,North America,Mexico,Mexico City,https://upload.wikimedia.org/wikipedia/commons/thumb/c/ca/Panor%C3%A1mica_esquina_noreste.jpg/250px-Panor%C3%A1mica_esquina_noreste.jpg,"Club América, Mexico national football team",
9,Bukit Jalil National Stadium,87411,Southeast Asia,Malaysia,Kuala Lumpur,https://upload.wikimedia.org/wikipedia/commons/thumb/a/a1/National_Stadium_Bukit_Jalil_2018_AFF_Suzuki_Cup_final.png/250px-National_Stadium_Bukit_Jalil_2018_AFF_Suzuki_Cup_final.png,Malaysia national football team,
10,Borg El-Arab Stadium,86000,Africa,Egypt,Alexandria,https://upload.wikimedia.org/wikipedia/commons/thumb/1/1a/Borg_el_arab_stadium.jpg/250px-Borg_el_arab_stadium.jpg,"Egypt national football team, Al Ittihad, Smouha",
11,Estadio Mâs Monumental,85018,South America,Argentina,Buenos Aires,https://upload.wikimedia.org/wikipedia/commons/thumb/d/d0/Estadio_mas_monumental.jpg/250px-Estadio_mas_monumental.jpg,"Argentina national football team, River Plate",
12,Salt Lake Stadium,85000,South Asia,India,Kolkata,https://upload.wikimedia.org/wikipedia/commons/thumb/5/5f/Salt_Lake_Stadium_during_FIFA_U17_World_Cup_2017_....jpg/250px-Salt_Lake_Stadium_during_FIFA_U17_World_Cup_2017_....jpg,"India national football team, Mohun Bagan Super Giant, East Bengal FC, Mohammedan SC, Atlético de Kolkata",
13,Stadium Australia,83500,Oceania,Australia,"Sydney, New South Wales",https://upload.wikimedia.org/wikipedia/commons/thumb/f/f7/State_of_Origin_Game_II_2018.jpg/250px-State_of_Origin_Game_II_2018.jpg,"South Sydney Rabbitohs, Canterbury-Bankstown Bulldogs, New South Wales Blues, New South Wales Waratahs, Australia men's national soccer team, Australia national rugby union team",
14,Estadio Santiago Bernabéu,83186,Europe,Spain,Madrid,https://upload.wikimedia.org/wikipedia/commons/thumb/0/0e/Estadio_Santiago_Bernab%C3%A9u_Madrid.jpg/250px-Estadio_Santiago_Bernab%C3%A9u_Madrid.jpg,Real Madrid,
15,Croke Park,82300,Europe,Ireland,Dublin,https://upload.wikimedia.org/wikipedia/commons/thumb/9/91/Croke_park_all_ireland.jpg/250px-Croke_park_all_ireland.jpg,"Gaelic Athletic Association, Dublin GAA",
16,Jakarta International Stadium,82000,Southeast Asia,Indonesia,Jakarta,https://upload.wikimedia.org/wikipedia/commons/thumb/b/b2/Jakarta_International_Stadium_interior.jpg/250px-Jakarta_International_Stadium_interior.jpg,"Persija Jakarta, Indonesia national football team",
17,Signal Iduna Park,81365,Europe,Germany,Dortmund,https://upload.wikimedia.org/wikipedia/commons/thumb/3/38/Signal_iduna_park.jpg/250px-Signal_iduna_park.jpg,Borussia Dortmund,
18,Stade de France,81338,Europe,France,Saint-Denis,https://upload.wikimedia.org/wikipedia/commons/thumb/5/53/StadeFranceNationsLeague2018.jpg/250px-StadeFranceNationsLeague2018.jpg,France national football team,
19,Grand Sports Arena of the Luzhniki Olympic Complex,81000,Europe,Russia,Moscow,https://upload.wikimedia.org/wikipedia/commons/thumb/3/3c/Luzhniki_Stadium2.jpg/250px-Luzhniki_Stadium2.jpg,,
20,Shah Alam Stadium,80372,Southeast Asia,Malaysia,"Shah Alam, Selangor",https://upload.wikimedia.org/wikipedia/commons/thumb/9/99/Shah_Alam_Stadium_%28inside%29.jpg/250px-Shah_Alam_Stadium_%28inside%29.jpg,Selangor FA,
21,Estadio Monumental,80093,South America,Peru,Lima,https://upload.wikimedia.org/wikipedia/commons/thumb/f/fa/Estadio_Monumental_U_vs_SF.jpg/250px-Estadio_Monumental_U_vs_SF.jpg,Club Universitario de Deportes,
22,Stadio Giuseppe Meazza,80018,Europe,Italy,"Milan, Lombardy",https://upload.wikimedia.org/wikipedia/commons/thumb/2/26/San_Siro_237.jpg/250px-San_Siro_237.jpg,AC Milan and Internazionale,
23,Guangdong Olympic Stadium,80012,East Asia,China,"Guangzhou, Guangdong",https://upload.wikimedia.org/wikipedia/commons/thumb/f/f7/Stade_Olympique_Guangdong.JPG/250px-Stade_Olympique_Guangdong.JPG,,
24,Hangzhou Olympic Sports Expo Centre Stadium,80000,East Asia,China,"Hangzhou, Zhejiang",https://upload.wikimedia.org/wikipedia/commons/thumb/4/4c/Hangzhou_Olympic_Sports_Center_Stadium2021.jpg/250px-Hangzhou_Olympic_Sports_Center_Stadium2021.jpg,,
25,Stade des Martyrs,80000,Africa,DR Congo,Kinshasa,https://upload.wikimedia.org/wikipedia/commons/thumb/d/d3/Stade_des_martyrs_0332_Kinshasa_%288756673901%29.jpg/250px-Stade_des_martyrs_0332_Kinshasa_%288756673901%29.jpg,Congo DR national football team,
26,Beijing National Stadium,80000,East Asia,China,Beijing,https://upload.wikimedia.org/wikipedia/commons/thumb/5/51/Beijing_National_Stadium_2014_2.jpg/250px-Beijing_National_Stadium_2014_2.jpg,,
27,Maracanã,78838,South America,Brazil,"Rio de Janeiro, Rio de Janeiro",https://upload.wikimedia.org/wikipedia/commons/thumb/f/fe/Bosnia_players_at_Maracan%C3%A3_15_June_2014.jpg/250px-Bosnia_players_at_Maracan%C3%A3_15_June_2014.jpg,"CR Flamengo, Fluminense FC, Botafogo FR, CR Vasco da Gama",
28,Azadi Stadium,78116,West Asia,Iran,Tehran,https://upload.wikimedia.org/wikipedia/commons/thumb/7/78/Azadi_Stadium_%287%29.jpg/250px-Azadi_Stadium_%287%29.jpg,"Iran national football team, Esteghlal FC, Persepolis FC",
29,Stadion Utama Gelora Bung Karno,77193,Southeast Asia,Indonesia,Jakarta,https://upload.wikimedia.org/wikipedia/commons/thumb/2/29/Gbk_persija_arema_20190803.jpg/250px-Gbk_persija_arema_20190803.jpg,"Indonesia national football team,",
30,Atatürk Olimpiyat Stadyumu,76092,Europe,Turkey,Istanbul,https://upload.wikimedia.org/wikipedia/commons/thumb/6/68/Istanbul_Atat%C3%BCrk_Olympic_Stadium_2.jpg/250px-Istanbul_Atat%C3%BCrk_Olympic_Stadium_2.jpg,,
31,Old Trafford,76000,Europe,England,"Manchester, North West England",https://upload.wikimedia.org/wikipedia/commons/thumb/b/bd/Manchester_United_old_trafford_Ank_Kumar_01.jpg/250px-Manchester_United_old_trafford_Ank_Kumar_01.jpg,Manchester United,
32,Tangier Grand Stadium,75500,Africa,Morocco,Tangier,https://upload.wikimedia.org/wikipedia/commons/thumb/2/20/Tangier_Stadium.jpg/250px-Tangier_Stadium.jpg,"IR Tangier, Morocco national team",
33,Allianz Arena,75024,Europe,Germany,Munich,https://upload.wikimedia.org/wikipedia/commons/thumb/a/ac/M%C3%BCnchen%2C_Allianz_Arena%2C_innen_2019-11_%283%29.jpg/250px-M%C3%BCnchen%2C_Allianz_Arena%2C_innen_2019-11_%283%29.jpg,FC Bayern Munich,
34,Naghsh-e-Jahan Stadium,75000,West Asia,Iran,Isfahan,https://upload.wikimedia.org/wikipedia/commons/thumb/4/4f/Naghsh_Jahan_Stadium.jpg/250px-Naghsh_Jahan_Stadium.jpg,Sepahan FC,
35,Bank of America Stadium,74867,North America,United States,"Charlotte, North Carolina",https://upload.wikimedia.org/wikipedia/commons/thumb/d/d8/BofACLTFCConfig.jpg/250px-BofACLTFCConfig.jpg,"Carolina Panthers, Charlotte FC",
36,Principality Stadium,74500,Europe,Wales,Cardiff,https://upload.wikimedia.org/wikipedia/commons/thumb/e/e6/Millennium_Stadium_-_Glanmor%E2%80%99s_Gap.jpg/250px-Millennium_Stadium_-_Glanmor%E2%80%99s_Gap.jpg,Wales national rugby union team,
37,Olympia­stadion,74475,Europe,Germany,Berlin,https://upload.wikimedia.org/wikipedia/commons/thumb/5/52/Berlin_Olympiastadion_nach_Umbau.jpg/250px-Berlin_Olympiastadion_nach_Umbau.jpg,Hertha BSC,
38,Cairo International Stadium,74100,Africa,Egypt,Cairo,https://upload.wikimedia.org/wikipedia/commons/thumb/b/bc/Cairo_Stadium_Afcon_u23_2019.jpg/250px-Cairo_Stadium_Afcon_u23_2019.jpg,"Egypt national football team, Al Ahly, Zamalek",
39,Estádio Nacional Mané Garrincha,72788,South America,Brazil,"Brasília, Distrito Federal",https://upload.wikimedia.org/wikipedia/commons/thumb/d/da/Est%C3%A1dio_Nacional_Bras%C3%ADlia.jpg/250px-Est%C3%A1dio_Nacional_Bras%C3%ADlia.jpg,"Brasília FC, Legião FC",
40,Stadio Olimpico,72698,Europe,Italy,"Rome, Lazio",https://upload.wikimedia.org/wikipedia/commons/thumb/b/b4/2012-03-17_ITA_-_SCO_prematch.jpg/250px-2012-03-17_ITA_-_SCO_prematch.jpg,"AS Roma, SS Lazio",
41,Nissan Stadium,72327,East Asia,Japan,"Yokohama, Kanagawa",https://upload.wikimedia.org/wikipedia/commons/thumb/9/91/International_Stadium_Yokohama-1.jpg/250px-International_Stadium_Yokohama-1.jpg,"Yokohama F. Marinos, Yokohama Eagles",
42,Shanghai Stadium,72000,East Asia,China,Shanghai,https://upload.wikimedia.org/wikipedia/commons/thumb/9/9c/Shanghai_Stadium_2024-08-22.jpg/250px-Shanghai_Stadium_2024-08-22.jpg,Shanghai Shenhua,
43,Mercedes-Benz Stadium,71000,North America,United States,"Atlanta, Georgia",https://upload.wikimedia.org/wikipedia/commons/thumb/4/45/Falcons_Opening_Day_-_MB_Stadium.jpg/250px-Falcons_Opening_Day_-_MB_Stadium.jpg,"Atlanta United FC, Atlanta Falcons",
44,Riyadh Air Metropolitano,70692,Europe,Spain,Madrid,https://upload.wikimedia.org/wikipedia/commons/thumb/0/05/Wanda-Metropolitano.jpg/250px-Wanda-Metropolitano.jpg,Atlético de Madrid,
45,Olympic National Sports Complex Stadium,70050,Europe,Ukraine,Kyiv,https://upload.wikimedia.org/wikipedia/commons/thumb/0/0d/Kyiv_NSC_Olimpiyskyi_5.jpg/250px-Kyiv_NSC_Olimpiyskyi_5.jpg,"Ukraine national football team, FC Dynamo Kyiv",
46,Nou Mestalla,70044,Europe,Spain,Valencia,https://upload.wikimedia.org/wikipedia/commons/thumb/3/34/Nou_Mestalla_2013.jpg/250px-Nou_Mestalla_2013.jpg,Valencia CF,
47,Estadio La Cartuja de Sevilla,70000,Europe,Spain,Seville,https://upload.wikimedia.org/wikipedia/commons/thumb/a/ae/Betis_Girona_23_nov_2025_003.jpg/250px-Betis_Girona_23_nov_2025_003.jpg,,
48,Seoul Olympic Stadium,69950,East Asia,South Korea,Seoul,https://upload.wikimedia.org/wikipedia/commons/thumb/e/e5/%E8%9A%95%E5%AE%A4_03.jpg/250px-%E8%9A%95%E5%AE%A4_03.jpg,,
49,Bakı Olimpiya stadionu,69870,West Asia,Azerbaijan,Baku,https://upload.wikimedia.org/wikipedia/commons/thumb/b/bb/Baku_Olympic_Stadium_panorama_1.JPG/250px-Baku_Olympic_Stadium_panorama_1.JPG,Azerbaijan national football team,
50,Olympic Stadium,69618,Europe,Greece,"Marousi, Attica",https://upload.wikimedia.org/wikipedia/en/thumb/d/d6/Olympic_Stadium_at_Athens_before_a_home_game_of_Panathinaikos_on_February_2%2C_2013.jpg/250px-Olympic_Stadium_at_Athens_before_a_home_game_of_Panathinaikos_on_February_2%2C_2013.jpg,Greece national football team,
51,Prince Moulay Abdellah Stadium,68700,Africa,Morocco,Rabat,https://upload.wikimedia.org/wikipedia/commons/thumb/7/77/Moulay_Abdellah_Stadium_-_interior.jpg/250px-Moulay_Abdellah_Stadium_-_interior.jpg,"Morocco national team, AS FAR",
52,Olympia­stadion München,69250,Europe,Germany,Munich,https://upload.wikimedia.org/wikipedia/commons/thumb/3/35/M%C3%BCnchener_Olympiastadion.jpg/250px-M%C3%BCnchener_Olympiastadion.jpg,,
53,Lumen Field,69000,North America,United States,"Seattle, Washington",https://upload.wikimedia.org/wikipedia/commons/thumb/b/b3/2025_FIFA_Club_World_Cup_-_Seattle_Sounders_FC_vs._Botafogo_-_01.jpg/250px-2025_FIFA_Club_World_Cup_-_Seattle_Sounders_FC_vs._Botafogo_-_01.jpg,"Seattle Sounders FC, Seattle Seahawks",
54,Estadio Olímpico Universitario,68954,North America,Mexico,Mexico City,https://upload.wikimedia.org/wikipedia/commons/thumb/f/f2/Estadio_Pumas.jpg/250px-Estadio_Pumas.jpg,UNAM Pumas,
55,Gillette Stadium,68756,North America,United States,"Foxborough, Massachusetts",https://upload.wikimedia.org/wikipedia/commons/thumb/8/8c/Stadiumguillete_%28cropped%29.jpg/250px-Stadiumguillete_%28cropped%29.jpg,"New England Patriots, New England Revolution",
56,King Abdullah Sports City Stadium,68560,West Asia,Saudi Arabia,Jeddah,https://upload.wikimedia.org/wikipedia/commons/thumb/6/68/Jawhara_Stadium.jpg/250px-Jawhara_Stadium.jpg,"Saudi Arabia national football team, Al-Ahli Saudi FC, Al-Ittihad Saudi Club",
57,Gazprom Arena,68134,Europe,Russia,Saint Petersburg,https://upload.wikimedia.org/wikipedia/commons/thumb/1/1c/Fina-l2017.jpg/250px-Fina-l2017.jpg,FC Zenit Saint Petersburg,
58,Estádio do Sport Lisboa e Benfica,68100,Europe,Portugal,Lisbon,https://upload.wikimedia.org/wikipedia/commons/thumb/1/1b/LuzLissabon.jpg/250px-LuzLissabon.jpg,Benfica,
59,National Stadium,68000,East Asia,Japan,Tokyo,https://upload.wikimedia.org/wikipedia/commons/thumb/c/cf/Japan_National_Stadium_2024_1.jpg/250px-Japan_National_Stadium_2024_1.jpg,,
60,Orange Vélodrome,67394,Europe,France,Marseille,https://upload.wikimedia.org/wikipedia/commons/thumb/8/85/Stade_V%C3%A9lodrome_1.jpg/250px-Stade_V%C3%A9lodrome_1.jpg,Olympique de Marseille,
61,Puskás Aréna,67215,Europe,Hungary,Budapest,https://upload.wikimedia.org/wikipedia/commons/thumb/3/3a/Pusk%C3%A1s_Ar%C3%A9na_01.jpg/250px-Pusk%C3%A1s_Ar%C3%A9na_01.jpg,Hungary national football team,
62,Scottish Gas Murrayfield Stadium,67144,Europe,Scotland,Edinburgh,https://upload.wikimedia.org/wikipedia/commons/thumb/a/a1/Murrayfield_Stadium_-_geograph.org.uk_-_1246737.jpg/250px-Murrayfield_Stadium_-_geograph.org.uk_-_1246737.jpg,Scotland national rugby union team,
63,Stade Mohammed V,67000,Africa,Morocco,Casablanca,https://upload.wikimedia.org/wikipedia/commons/thumb/7/70/Stade_Mohamed_V%2C_Casablanca.jpg/250px-Stade_Mohamed_V%2C_Casablanca.jpg,"Wydad, Raja, Morocco national team",
64,MorumBIS,66975,South America,Brazil,"São Paulo, São Paulo",https://upload.wikimedia.org/wikipedia/commons/thumb/1/13/Estadio_Morumbi_2014.jpg/250px-Estadio_Morumbi_2014.jpg,São Paulo FC,
65,Yadegar-e-Emam Stadium,66833,West Asia,Iran,Tabriz,https://upload.wikimedia.org/wikipedia/commons/thumb/1/12/Yadegar_Emam_stadium_at_night_-_panoramio.jpg/250px-Yadegar_Emam_stadium_at_night_-_panoramio.jpg,Tractor S.C.,
66,Seoul World Cup Stadium,66704,East Asia,South Korea,Seoul,https://upload.wikimedia.org/wikipedia/commons/thumb/b/b8/AFC_Champions_League_Final_1st_leg.jpg/250px-AFC_Champions_League_Final_1st_leg.jpg,FC Seoul,
67,Daegu Stadium,66422,East Asia,South Korea,Daegu,https://upload.wikimedia.org/wikipedia/commons/thumb/d/da/Daegu.Stadium.original.2167.jpg/250px-Daegu.Stadium.original.2167.jpg,Daegu FC,
68,Workers' Stadium,66161,East Asia,China,Beijing,https://upload.wikimedia.org/wikipedia/commons/thumb/c/ca/Workers%27_Stadium_from_the_Western_Stands.jpg/250px-Workers%27_Stadium_from_the_Western_Stands.jpg,"Beijing Guoan, China national football team",
69,London Stadium,66000,Europe,England,London,https://upload.wikimedia.org/wikipedia/commons/thumb/b/b1/London_Stadium_panorama_picture.jpg/250px-London_Stadium_panorama_picture.jpg,West Ham United,
70,Olympic Stadium,65255,North America,Canada,"Montreal, Quebec",https://upload.wikimedia.org/wikipedia/commons/thumb/f/fc/Montreal_Impact_CONCACAF_FINAL.jpg/250px-Montreal_Impact_CONCACAF_FINAL.jpg,CF Montréal,
71,Basra International Stadium,65227,West Asia,Iraq,Basra,https://upload.wikimedia.org/wikipedia/commons/thumb/6/62/Basra_International_Stadium_Opening_2.JPG/250px-Basra_International_Stadium_Opening_2.JPG,Iraq national football team,
72,Stade du 5 Juillet,64200,Africa,Algeria,Algiers,https://upload.wikimedia.org/wikipedia/commons/thumb/a/a0/Stade_5_Juillet_1962.jpg/250px-Stade_5_Juillet_1962.jpg,"Algeria national football team, MC Alger, USM Alger, CR Belouizdad, Paradou AC",
73,Castelão,63903,South America,Brazil,"Fortaleza, Ceará",https://upload.wikimedia.org/wikipedia/commons/thumb/e/ec/Castel%C3%A3o_Arena_%285%29.jpg/250px-Castel%C3%A3o_Arena_%285%29.jpg,"Ceará SC, Fortaleza EC",
74,Saitama Stadium 2002,63700,East Asia,Japan,Saitama,https://upload.wikimedia.org/wikipedia/commons/thumb/6/60/Saitama_Stadium_Panorama.jpg/250px-Saitama_Stadium_Panorama.jpg,"Urawa Red Diamonds, Saitama Wild Knights",
75,Dalian Suoyuwan Football Stadium,63677,Asia,China,Dalian,https://upload.wikimedia.org/wikipedia/commons/thumb/1/12/Dalian_Yingbo_vs_Beijing_Guoan_2025-05-05.jpg/250px-Dalian_Yingbo_vs_Beijing_Guoan_2025-05-05.jpg,Dalian Yingbo,
76,Oakland–Alameda County Coliseum,63132,North America,United States,"Oakland, California",https://upload.wikimedia.org/wikipedia/commons/thumb/f/fe/Oakland_Coliseum_view_from_upper_deck.jpg/250px-Oakland_Coliseum_view_from_upper_deck.jpg,"Oakland Roots SC, Oakland Soul SC, San Francisco Unicorns",
77,Ellis Park Stadium,62567,Africa,South Africa,"Johannesburg, Gauteng",https://upload.wikimedia.org/wikipedia/commons/thumb/b/bc/Warm-ups_at_Brazil_%26_North_Korea_match_at_FIFA_World_Cup_2010-06-15_1.jpg/250px-Warm-ups_at_Brazil_%26_North_Korea_match_at_FIFA_World_Cup_2010-06-15_1.jpg,"Orlando Pirates FC, Emirates Johannesburg Lions",
78,Tottenham Hotspur Stadium,62303,Europe,England,London,https://upload.wikimedia.org/wikipedia/commons/thumb/8/8c/Spurs_stadium_January_2020.jpg/250px-Spurs_stadium_January_2020.jpg,Tottenham Hotspur,
79,VELTINS-Arena,62271,Europe,Germany,Gelsenkirchen,https://upload.wikimedia.org/wikipedia/commons/thumb/b/b4/Veltins-Arena_Panorama.jpg/250px-Veltins-Arena_Panorama.jpg,FC Schalke 04,
80,Yizhong Sports Centre Stadium,62000,East Asia,China,"Qingdao, Shandong",https://upload.wikimedia.org/wikipedia/commons/thumb/7/77/Qingdao_Guoxin_Stadium.jpg/250px-Qingdao_Guoxin_Stadium.jpg,Qingdao Jonoon FC,
81,Estádio Governador Magalhães Pinto,61846,South America,Brazil,"Belo Horizonte, Minas Gerais",https://upload.wikimedia.org/wikipedia/commons/thumb/6/69/Stadion_Belo_Horizonte_Halbfinale_WM_2014_%2822117986076%29.jpg/250px-Stadion_Belo_Horizonte_Halbfinale_WM_2014_%2822117986076%29.jpg,"Atlético Mineiro, Cruzeiro EC",
82,King Fahd International Stadium,61781,West Asia,Saudi Arabia,Riyadh,https://upload.wikimedia.org/wikipedia/commons/thumb/2/2b/%E3%82%AD%E3%83%B3%E3%82%B0%E3%83%95%E3%82%A1%E3%83%8F%E3%83%89%E5%9B%BD%E9%9A%9B%E3%82%B9%E3%82%BF%E3%82%B8%E3%82%A2%E3%83%A0.jpg/250px-%E3%82%AD%E3%83%B3%E3%82%B0%E3%83%95%E3%82%A1%E3%83%8F%E3%83%89%E5%9B%BD%E9%9A%9B%E3%82%B9%E3%82%BF%E3%82%B8%E3%82%A2%E3%83%A0.jpg,"Saudi Arabia national football team, Al-Hilal, Al-Nassr, Al-Shabab",
83,Soldier Field,61500,North America,United States,"Chicago, Illinois",https://upload.wikimedia.org/wikipedia/commons/thumb/8/8b/The_Refurbished_Soldier_Field.jpg/250px-The_Refurbished_Soldier_Field.jpg,"Chicago Bears, Chicago Fire FC",
84,Nanjing Olympic Sports Centre Stadium,61443,East Asia,China,"Nanjing, Jiangsu",https://upload.wikimedia.org/wikipedia/commons/thumb/b/b5/Nanjing_Olympic_Sports_Center_inner_view_%282016%29.jpg/250px-Nanjing_Olympic_Sports_Center_inner_view_%282016%29.jpg,,
85,Anfield,61276,Europe,England,"Liverpool, England",https://upload.wikimedia.org/wikipedia/commons/thumb/f/f8/Liverpool_anfield_road_stadium.jpg/250px-Liverpool_anfield_road_stadium.jpg,Liverpool FC,
86,Estadio Benito Villamarín,60720,Europe,Spain,Seville,https://upload.wikimedia.org/wikipedia/commons/thumb/6/6d/Estadio_Benito_Villamar%C3%ADn_2018001.jpg/250px-Estadio_Benito_Villamar%C3%ADn_2018001.jpg,Real Betis,
87,Abuja Stadium,60491,Africa,Nigeria,Abuja,https://upload.wikimedia.org/wikipedia/commons/thumb/d/d2/Football_heaven.jpg/250px-Football_heaven.jpg,Nigeria national football team,
88,MHPArena,60469,Europe,Germany,Stuttgart,https://upload.wikimedia.org/wikipedia/commons/thumb/5/53/Neckarstadion_2011.jpg/250px-Neckarstadion_2011.jpg,VfB Stuttgart,
89,Celtic Park,60411,Europe,Scotland,Glasgow,https://upload.wikimedia.org/wikipedia/commons/thumb/c/ce/Celtic_park_2.jpg/250px-Celtic_park_2.jpg,Celtic FC,
90,Estadio de la UNSA,60370,South America,Peru,Arequipa,https://upload.wikimedia.org/wikipedia/commons/thumb/e/ef/OutsideUNSA.jpg/250px-OutsideUNSA.jpg,FBC Melgar,
91,Emirates Stadium,60338,Europe,England,London,https://upload.wikimedia.org/wikipedia/commons/thumb/d/d1/Emirates_Stadium_-_East_stand_Club_Level.jpg/250px-Emirates_Stadium_-_East_stand_Club_Level.jpg,Arsenal,
92,Shenzhen Universiade Sports Centre Stadium,60334,East Asia,China,"Shenzhen, Guangdong",https://upload.wikimedia.org/wikipedia/commons/thumb/1/11/%E6%B7%B1%E5%9C%B3%E9%BE%99%E5%B2%97%E5%A4%A7%E8%BF%90%E4%B8%AD%E5%BF%83%E4%BD%93%E8%82%B2%E9%A6%86%E5%86%85%E9%83%A8.jpg/250px-%E6%B7%B1%E5%9C%B3%E9%BE%99%E5%B2%97%E5%A4%A7%E8%BF%90%E4%B8%AD%E5%BF%83%E4%BD%93%E8%82%B2%E9%A6%86%E5%86%85%E9%83%A8.jpg,,
93,Estadio Centenario,60235,South America,Uruguay,Montevideo,https://upload.wikimedia.org/wikipedia/commons/thumb/9/98/Estadio_Centenario_2021.jpg/250px-Estadio_Centenario_2021.jpg,Uruguay national football team,
94,Estádio José do Rego Maciel,60044,South America,Brazil,"Recife, Pernambuco",https://upload.wikimedia.org/wikipedia/commons/thumb/1/1b/Arruda_em_novembro_de_2013.JPG/250px-Arruda_em_novembro_de_2013.JPG,Santa Cruz FC,
95,Stade Léopold Sédar Senghor,60000,Africa,Senegal,Dakar,https://upload.wikimedia.org/wikipedia/commons/thumb/8/8f/Senegal_1_-_Cameroon_0_-_Stade_L%C3%A9opold_S%C3%A9dar_Senghor.jpg/250px-Senegal_1_-_Cameroon_0_-_Stade_L%C3%A9opold_S%C3%A9dar_Senghor.jpg,"Senegal national football team, ASC Jeanne d'Arc",
96,Al-Bayt Stadium,60000,West Asia,Qatar,Al-Khor,https://upload.wikimedia.org/wikipedia/en/thumb/7/71/Al_Bayt_Stadium_architecture.jpg/250px-Al_Bayt_Stadium_architecture.jpg,,
97,Benjamin Mkapa National Stadium,60000,Africa,Tanzania,Dar es-Salaam,https://upload.wikimedia.org/wikipedia/commons/thumb/e/ef/Tanzania_National_Main_Stadium_Aerial.jpg/250px-Tanzania_National_Main_Stadium_Aerial.jpg,"Tanzania national football team, Young Africans",
98,Hefei Olympic Sports Centre Stadium,60000,East Asia,China,"Hefei, Anhui",https://upload.wikimedia.org/wikipedia/commons/thumb/8/8e/Hefei_Olympic_Sports_Center_Stadium.jpg/250px-Hefei_Olympic_Sports_Center_Stadium.jpg,Anhui Jiufang,
99,Jaber al-Ahmad International Stadium,60000,West Asia,Kuwait,Kuwait City,https://upload.wikimedia.org/wikipedia/en/thumb/1/18/Jaber_Al-Ahmad_International_Stadium_2019_local.png/250px-Jaber_Al-Ahmad_International_Stadium_2019_local.png,Kuwait national football team,
100,Hammadi Agrebi Stadium,60000,Africa,Tunisia,Tunis,https://upload.wikimedia.org/wikipedia/commons/thumb/0/02/Mozambique-Tunisia_match_2009.jpg/250px-Mozambique-Tunisia_match_2009.jpg,Tunisia national football team,
101,Jawaharlal Nehru Stadium,60000,South Asia,India,New Delhi,https://upload.wikimedia.org/wikipedia/commons/thumb/a/a0/Jawaharlal_Nehru_Stadium%2C_New_Delhi.png/250px-Jawaharlal_Nehru_Stadium%2C_New_Delhi.png,"SC Delhi, Punjab FC",
102,Mogadishu Stadium,60000,Africa,Somalia,Mogadishu,https://upload.wikimedia.org/wikipedia/commons/thumb/e/e0/Mogadishustadium.jpg/250px-Mogadishustadium.jpg,Somalia national football team,
103,National Heroes Stadium,60000,Africa,Zambia,Lusaka,https://upload.wikimedia.org/wikipedia/commons/thumb/f/fe/Inauguration_of_Edgar_Lungu.jpg/250px-Inauguration_of_Edgar_Lungu.jpg,Zambian national football team,
104,Odi Stadium,60000,Africa,South Africa,"Mabopane, Gauteng",https://upload.wikimedia.org/wikipedia/commons/thumb/0/0a/No-image-available.png/480px-No-image-available.png,,
105,Morodok Techo National Stadium,60000,Southeast Asia,Cambodia,Phnom Penh,https://upload.wikimedia.org/wikipedia/commons/thumb/0/0a/No-image-available.png/480px-No-image-available.png,Cambodia national football team,
106,Shenyang Olympic Sports Centre Stadium,60000,East Asia,China,"Shenyang, Liaoning",https://upload.wikimedia.org/wikipedia/commons/thumb/5/52/Shenyang_Olympic_Sports_Center_Stadium_drone_view_1.jpg/250px-Shenyang_Olympic_Sports_Center_Stadium_drone_view_1.jpg,,
107,Optus Stadium,60000,Oceania,Australia,"Perth, Western Australia",https://upload.wikimedia.org/wikipedia/commons/thumb/c/cb/Perth_Stadium_opening_210118_gnangarra-10.jpg/250px-Perth_Stadium_opening_210118_gnangarra-10.jpg,"Perth Glory FC, Fremantle Dockers, West Coast Eagles",
108,National Sports Stadium,60000,Africa,Zimbabwe,Harare,https://upload.wikimedia.org/wikipedia/commons/thumb/a/a6/2003_Harare_Stadium%2C_Zimbabwe_557109164.jpg/250px-2003_Harare_Stadium%2C_Zimbabwe_557109164.jpg,Zimbabwe national football team,
109,Stade Tata Raphaël,60000,Africa,DR Congo,Kinshasa,https://upload.wikimedia.org/wikipedia/commons/thumb/7/71/Stade_Tata_Rapha%C3%ABl_lors_d%27un_de_l%27AS_V.CLUB.jpg/250px-Stade_Tata_Rapha%C3%ABl_lors_d%27un_de_l%27AS_V.CLUB.jpg,"AS Vita Club, DC Motema Pembe",
110,Estadio Monumental Isidro Romero Carbo,59283,South America,Ecuador,Guayaquil,https://upload.wikimedia.org/wikipedia/commons/thumb/3/30/Estadio_Monumental_de_Barcelona.jpg/250px-Estadio_Monumental_de_Barcelona.jpg,Barcelona Sporting Club,
111,Groupama Stadium,59186,Europe,France,Décines-Charpieu,https://upload.wikimedia.org/wikipedia/commons/thumb/c/c4/Stade_Lumi%C3%A8re.jpg/250px-Stade_Lumi%C3%A8re.jpg,Olympique Lyonnais,
112,Chongqing Olympic Sports Centre Stadium,58680,East Asia,China,Chongqing,https://upload.wikimedia.org/wikipedia/commons/thumb/e/e1/Chongqing_Olympic_Stadium.jpg/250px-Chongqing_Olympic_Stadium.jpg,,
113,Kazimierz Górski National Stadium,58580,Europe,Poland,Warsaw,https://upload.wikimedia.org/wikipedia/commons/thumb/7/76/National_Stadium_panorama.jpg/250px-National_Stadium_panorama.jpg,Poland national football team,
114,Stadio San Nicola,58270,Europe,Italy,"Bari, Apulia",https://upload.wikimedia.org/wikipedia/commons/thumb/1/14/Stadiosannicola2023.jpg/250px-Stadiosannicola2023.jpg,SSC Bari,
115,Deutsche Bank Park,58000,Europe,Germany,Frankfurt,https://upload.wikimedia.org/wikipedia/commons/thumb/f/f4/Commerzbank-Arena_%28Haupttrib%C3%BCne%29.JPG/250px-Commerzbank-Arena_%28Haupttrib%C3%BCne%29.JPG,Eintracht Frankfurt,
116,La Bombonera,57200,South America,Argentina,Buenos Aires,https://upload.wikimedia.org/wikipedia/commons/thumb/5/51/La_bombonera_panoramica.jpg/250px-La_bombonera_panoramica.jpg,CA Boca Juniors,
117,Volkspark­stadion,57030,Europe,Germany,Hamburg,https://upload.wikimedia.org/wikipedia/commons/thumb/7/79/Volksparkstadion_Panorama.jpg/250px-Volksparkstadion_Panorama.jpg,Hamburger SV,
118,Estadio Mario Alberto Kempes,57000,South America,Argentina,Córdoba,https://upload.wikimedia.org/wikipedia/commons/thumb/d/d9/Estadio_Kempes_luego_de_finalizar_un_partido.jpg/250px-Estadio_Kempes_luego_de_finalizar_un_partido.jpg,"Talleres de Córdoba, some Belgrano de Córdoba matches.",
119,Jinan Olympic Sports Centre Stadium,56808,East Asia,China,"Jinan, Shandong",https://upload.wikimedia.org/wikipedia/commons/thumb/1/1f/JinanOlympic.JPG/250px-JinanOlympic.JPG,Shandong Taishan,
120,Estadio Jalisco,56713,North America,Mexico,"Guadalajara, Jalisco",https://upload.wikimedia.org/wikipedia/commons/thumb/8/82/Estadio_Jalisco_06022022.jpg/250px-Estadio_Jalisco_06022022.jpg,Atlas,
121,Common­wealth Stadium,56302,North America,Canada,"Edmonton, Alberta",https://upload.wikimedia.org/wikipedia/commons/thumb/f/f3/Commonwealth_Stadium.jpg/250px-Commonwealth_Stadium.jpg,"Edmonton Elks, Canadian men's and women's national teams",
122,19 May 1956 Stadium,56000,Africa,Algeria,Annaba,https://upload.wikimedia.org/wikipedia/commons/thumb/8/88/Annaba_Stadium.jpg/250px-Annaba_Stadium.jpg,USM Annaba,
123,Estadi Olímpic Lluís Companys,55926,Europe,Spain,"Barcelona, Catalonia",https://upload.wikimedia.org/wikipedia/commons/thumb/f/ff/Estadi_Ol%C3%ADmpic_Llu%C3%ADs_Companys_-_Barcelona%2C_Spain_-_Jan_2007.jpg/250px-Estadi_Ol%C3%ADmpic_Llu%C3%ADs_Companys_-_Barcelona%2C_Spain_-_Jan_2007.jpg,,
124,El Cilindro,55880,South America,Argentina,Avellaneda,https://upload.wikimedia.org/wikipedia/commons/thumb/8/8e/Racing_Club_vs._Corinthians_-_CONMEBOL_Sudamericana_2024.jpg/250px-Racing_Club_vs._Corinthians_-_CONMEBOL_Sudamericana_2024.jpg,Racing,
125,Arena do Grêmio,55662,South America,Brazil,"Porto Alegre, Rio Grande do Sul",https://upload.wikimedia.org/wikipedia/commons/thumb/a/a2/Arena_do_Gr%C3%AAmio.jpg/250px-Arena_do_Gr%C3%AAmio.jpg,Grêmio FBPA,
126,Arena Națională,55634,Europe,Romania,Bucharest,https://upload.wikimedia.org/wikipedia/commons/thumb/1/1a/Stadionul_National_-_National_Arena_3.jpg/250px-Stadionul_National_-_National_Arena_3.jpg,Romania national football team,
127,Stadion Rajko Mitić,55538,Europe,Serbia,Belgrade,https://upload.wikimedia.org/wikipedia/commons/thumb/7/70/Zvezda_stadion.jpg/250px-Zvezda_stadion.jpg,"Red Star Belgrade, Serbia national football team",
128,Stadion Śląski,55211,Europe,Poland,Chorzów,https://upload.wikimedia.org/wikipedia/commons/thumb/c/c4/Widok_bramka.jpg/250px-Widok_bramka.jpg,"Poland national football team, Ruch Chorzów",
129,Etihad Stadium,55097,Europe,England,"Manchester, North West England",https://upload.wikimedia.org/wikipedia/commons/thumb/b/b8/Etihad_Stadium.jpg/250px-Etihad_Stadium.jpg,Manchester City,
130,Moi International Sports Centre,55000,Africa,Kenya,Nairobi,https://upload.wikimedia.org/wikipedia/commons/thumb/9/9c/Inside_the_Kasarani_Stadium.jpg/250px-Inside_the_Kasarani_Stadium.jpg,Kenya national football team,
131,National Stadium,55000,Southeast Asia,Singapore,Singapore,https://upload.wikimedia.org/wikipedia/commons/thumb/f/f5/SingaporeNationalStadiumJapanBrazilFootball.jpg/250px-SingaporeNationalStadiumJapanBrazilFootball.jpg,Singapore national football team,
132,National Stadium,55000,East Asia,Taiwan,Kaohsiung,https://upload.wikimedia.org/wikipedia/commons/thumb/5/5f/The_Main_Stadium_for_2009_World_Games_panorama.jpg/250px-The_Main_Stadium_for_2009_World_Games_panorama.jpg,Chinese Taipei national football team,
133,He Long Stadium,55000,East Asia,China,"Changsha, Hunan",https://upload.wikimedia.org/wikipedia/commons/thumb/7/75/Helong_Stadium.jpg/250px-Helong_Stadium.jpg,,
134,Cape Town Stadium,55000,Africa,South Africa,"Cape Town, Western Cape",https://upload.wikimedia.org/wikipedia/commons/thumb/0/06/Cape_Town_Stadium_Inside.jpg/250px-Cape_Town_Stadium_Inside.jpg,"Cape Town City FC, DHL Western Cape Stormers",
135,Plovdiv Stadium,55000,Europe,Bulgaria,Plovdiv,https://upload.wikimedia.org/wikipedia/commons/thumb/0/0c/Plovdiv_Stadium.JPG/250px-Plovdiv_Stadium.JPG,,
136,Johan Cruijff Arena,54990,Europe,Netherlands,Amsterdam,https://upload.wikimedia.org/wikipedia/commons/thumb/7/73/Ajax_0_Chelsea_1_%2823Oct19%29.jpg/250px-Ajax_0_Chelsea_1_%2823Oct19%29.jpg,AFC Ajax,
137,Tianhe Stadium,54856,East Asia,China,"Guangzhou, Guangdong",https://upload.wikimedia.org/wikipedia/commons/thumb/6/6c/Aerial_View%2C_Tianhe_Stadium_20250823-B.jpg/250px-Aerial_View%2C_Tianhe_Stadium_20250823-B.jpg,,
138,Stadio Diego Armando Maradona,54726,Europe,Italy,Naples,https://upload.wikimedia.org/wikipedia/commons/thumb/7/71/Stadio_Maradona_Serie_A.jpg/250px-Stadio_Maradona_Serie_A.jpg,SSC Napoli,
139,Tianjin Olympic Sports Centre Stadium,54696,East Asia,China,Tianjin,https://upload.wikimedia.org/wikipedia/commons/thumb/7/72/Tianjin_Olympic_Center_Stadium.jpg/250px-Tianjin_Olympic_Center_Stadium.jpg,Tianjin Teda,
140,MERKUR SPIEL-ARENA,54600,Europe,Germany,Düsseldorf,https://upload.wikimedia.org/wikipedia/commons/thumb/a/a7/LTU_arena_panorama.jpg/250px-LTU_arena_panorama.jpg,Fortuna Düsseldorf,
141,Boris Paitchadze Dinamo Arena,54549,West Asia,Georgia,Tbilisi,https://upload.wikimedia.org/wikipedia/commons/thumb/3/38/Boris_Paichadze_Dinamo_Arena%2C_Samtredia_-_Qaraba%C4%9F.jpg/250px-Boris_Paichadze_Dinamo_Arena%2C_Samtredia_-_Qaraba%C4%9F.jpg,"Georgia national football team, FC Dinamo Tbilisi",
142,Wuhan Sports Centre Stadium,54357,East Asia,China,"Wuhan, Hubei",https://upload.wikimedia.org/wikipedia/commons/thumb/6/6d/Wuhan_Sport_Centre_01.jpg/250px-Wuhan_Sport_Centre_01.jpg,,
143,BC Place Stadium,54320,North America,Canada,"Vancouver, British Columbia",https://upload.wikimedia.org/wikipedia/commons/thumb/f/ff/BC_Place_2015_Women%27s_FIFA_World_Cup.jpg/250px-BC_Place_2015_Women%27s_FIFA_World_Cup.jpg,"Vancouver Whitecaps FC, BC Lions",
144,Hrazdan Stadium,54208,West Asia,Armenia,Yerevan,https://upload.wikimedia.org/wikipedia/commons/thumb/7/71/HrazdanArmeniaTurkey.JPG/250px-HrazdanArmeniaTurkey.JPG,"FC Ararat Yerevan, Ulisses FC",
145,War Memorial Stadium,54120,North America,United States,"Little Rock, Arkansas",https://upload.wikimedia.org/wikipedia/commons/thumb/8/89/USACE_personnel_on_War_Memorial_Stadium_field.jpg/250px-USACE_personnel_on_War_Memorial_Stadium_field.jpg,Little Rock Rangers,
146,BORUSSIA-PARK,54057,Europe,Germany,Mönchen­gladbach,https://upload.wikimedia.org/wikipedia/commons/thumb/5/5d/Borussia-Park_DEU-FRA_2011.jpg/250px-Borussia-Park_DEU-FRA_2011.jpg,Borussia Mönchengladbach,
147,Moses Mabhida Stadium,54000,Africa,South Africa,"Durban, KwaZulu-Natal",https://upload.wikimedia.org/wikipedia/commons/thumb/9/9c/FIFA_World_Cup_2010_Netherlands_Japan.jpg/250px-FIFA_World_Cup_2010_Netherlands_Japan.jpg,"AmaZulu FC, Cell C Durban Sharks",
148,RAMS Park,53978,Europe,Turkey,Istanbul,https://upload.wikimedia.org/wikipedia/commons/thumb/d/d7/Galatasaray_Arena_North-West_Corner.jpg/250px-Galatasaray_Arena_North-West_Corner.jpg,Galatasaray,
149,Busan Asiad Main Stadium,53864,East Asia,South Korea,Busan,https://upload.wikimedia.org/wikipedia/commons/thumb/7/73/BusanAsiadStadium.jpg/250px-BusanAsiadStadium.jpg,Busan IPark,
150,Estádio Estadual Jornalista Edgar Augusto Proença,53645,South America,Brazil,"Belém, Pará",https://upload.wikimedia.org/wikipedia/commons/thumb/6/6e/Mangueir%C3%A3o_em_2023.jpg/250px-Mangueir%C3%A3o_em_2023.jpg,"Paysandu SC, Clube do Remo, Tuna Luso Brasileira, SC Belem",
151,Estadio Único Diego Armando Maradona,53600,South America,Argentina,La Plata,https://upload.wikimedia.org/wikipedia/commons/thumb/8/88/EstadioUnicoLaPlata_Interior_June2014.jpg/250px-EstadioUnicoLaPlata_Interior_June2014.jpg,,
152,Adelaide Oval,53500,Oceania,Australia,"Adelaide, South Australia",https://upload.wikimedia.org/wikipedia/commons/thumb/a/a3/After_Game_Kick_and_Catch_%2813750115664%29.jpg/250px-After_Game_Kick_and_Catch_%2813750115664%29.jpg,"Adelaide Crows, Port Adelaide Power",
153,Docklands Stadium,53359,Oceania,Australia,"Melbourne, Victoria",https://upload.wikimedia.org/wikipedia/commons/thumb/7/71/Melbourne_Derby_December_2014.jpg/250px-Melbourne_Derby_December_2014.jpg,"Western Bulldogs, Essendon, St. Kilda, Carlton, North Melbourne",
154,Estádio Municipal João Havelange,53350,South America,Brazil,"Uberlândia, Minas Gerais",https://upload.wikimedia.org/wikipedia/commons/thumb/2/2f/Est%C3%A1dio_Parque_do_Sabi%C3%A1.jpg/250px-Est%C3%A1dio_Parque_do_Sabi%C3%A1.jpg,Uberlânia EC,
155,San Mamés,53332,Europe,Spain,Bilbao,https://upload.wikimedia.org/wikipedia/commons/thumb/f/f8/San_Mames%2C_Bilbao%2C_Euskal_Herria_-_Basque_Country.jpg/250px-San_Mames%2C_Bilbao%2C_Euskal_Herria_-_Basque_Country.jpg,Athletic Bilbao,
156,Aleppo International Stadium,53200,West Asia,Syria,Aleppo,https://upload.wikimedia.org/wikipedia/commons/thumb/b/be/Aleppo_International_Stadium%2C_day_view%2C_2009_%281%29.jpg/250px-Aleppo_International_Stadium%2C_day_view%2C_2009_%281%29.jpg,Al-Ittihad,
157,Estadio Nacional,53086,South America,Peru,Lima,https://upload.wikimedia.org/wikipedia/commons/thumb/b/b8/Estadio_Nacional_nuevo_07_10_2011.jpg/250px-Estadio_Nacional_nuevo_07_10_2011.jpg,Peru national football team,
158,Hill Dickinson Stadium,52769,Europe,England,Liverpool,https://upload.wikimedia.org/wikipedia/commons/thumb/f/f1/The_wide_view.jpg/250px-The_wide_view.jpg,Everton FC,
159,Huanglong Stadium,52672,East Asia,China,"Hangzhou, Zhejiang",https://upload.wikimedia.org/wikipedia/commons/thumb/5/53/Hangzhou-yellow-dragon-stad.jpg/250px-Hangzhou-yellow-dragon-stad.jpg,Zhejiang Professional,
160,Suncorp Stadium,52500,Oceania,Australia,"Brisbane, Queensland",https://upload.wikimedia.org/wikipedia/commons/thumb/4/46/Suncorpstadium071006a.JPG/250px-Suncorpstadium071006a.JPG,"Brisbane Broncos, Queensland Maroons, Brisbane Roar FC, Queensland Reds",
161,St. James' Park,52405,Europe,England,"Newcastle upon Tyne, North East",https://upload.wikimedia.org/wikipedia/commons/thumb/6/6e/StJamesParkPanorama.jpg/250px-StJamesParkPanorama.jpg,Newcastle United,
162,Estádio José Alvalade,52095,Europe,Portugal,Lisbon,https://upload.wikimedia.org/wikipedia/commons/thumb/4/42/Est%C3%A1dio_Jos%C3%A9_Alvalade_antes_do_jogo_Sporting_-_Arouca.jpg/250px-Est%C3%A1dio_Jos%C3%A9_Alvalade_antes_do_jogo_Sporting_-_Arouca.jpg,Sporting CP,
163,Kings Park Stadium,52000,Africa,South Africa,"Durban, KwaZulu-Natal",https://upload.wikimedia.org/wikipedia/commons/thumb/b/bc/Kings_Park_panorama.jpg/250px-Kings_Park_panorama.jpg,"Lamontville Golden Arrows, Cell C Durban Sharks",
164,Newlands Stadium,51900,Africa,South Africa,"Cape Town, Western Cape",https://upload.wikimedia.org/wikipedia/commons/thumb/4/48/Proudly_South_African.jpg/250px-Proudly_South_African.jpg,,
165,Hampden Park,51866,Europe,Scotland,Glasgow,https://upload.wikimedia.org/wikipedia/commons/thumb/d/dc/Hampden_Park%2C_January_2023.jpg/250px-Hampden_Park%2C_January_2023.jpg,"Scotland national football team, Queen's Park",
166,Estadio Monumental de Maturín,51796,South America,Venezuela,Maturín,https://upload.wikimedia.org/wikipedia/commons/thumb/8/8d/Monumental_de_maturin_3.jpg/250px-Monumental_de_maturin_3.jpg,Monagas Sport Club,
167,Loftus Versfeld Stadium,51762,Africa,South Africa,"Pretoria, Gauteng",https://upload.wikimedia.org/wikipedia/commons/thumb/6/6c/Loftus_Versfeld_Game_Night.JPG/250px-Loftus_Versfeld_Game_Night.JPG,SuperSport United and Vodacom Pretoria Bulls,
168,Aviva Stadium,51711,Europe,Ireland,Dublin,https://upload.wikimedia.org/wikipedia/commons/thumb/a/a1/Aviva_Stadium_Panoramic.jpg/250px-Aviva_Stadium_Panoramic.jpg,"Leinster Rugby, Republic of Ireland national football team, Ireland national rugby union team",
169,Ibrox Stadium,51700,Europe,Scotland,Glasgow,https://upload.wikimedia.org/wikipedia/commons/thumb/4/41/Rangers-SM_%281%29.jpg/250px-Rangers-SM_%281%29.jpg,Rangers FC,
170,Guiyang Olympic Sports Centre Stadium,51638,East Asia,China,"Guiyang, Guizhou",https://upload.wikimedia.org/wikipedia/commons/thumb/c/c3/Guiyang_Olympic_Sports_Center.jpg/250px-Guiyang_Olympic_Sports_Center.jpg,,
171,Hohhot City Stadium,51632,East Asia,China,"Hohhot, Inner Mongolia",https://upload.wikimedia.org/wikipedia/commons/thumb/5/57/Hohhot_City_Stadium.jpg/250px-Hohhot_City_Stadium.jpg,,
172,Rajamangala National Stadium,51552,Southeast Asia,Thailand,Bangkok,https://upload.wikimedia.org/wikipedia/commons/thumb/0/06/Rajamangala_Stadium_Panorama.jpg/250px-Rajamangala_Stadium_Panorama.jpg,Thailand national football team,
173,Donbas Arena,51504,Europe,Ukraine,Donetsk,https://upload.wikimedia.org/wikipedia/en/thumb/8/8c/Donbass_Arena.jpg/250px-Donbass_Arena.jpg,,
174,İzmir Atatürk Stadyumu,51295,West Asia,Turkey,İzmir,https://upload.wikimedia.org/wikipedia/commons/thumb/e/ec/%C4%B0zmir_Atat%C3%BCrk_Stadyumu.jpg/250px-%C4%B0zmir_Atat%C3%BCrk_Stadyumu.jpg,"Altay SK, Göztepe AŞ",
175,Stadion Feijenoord,51117,Europe,Netherlands,Rotterdam,https://upload.wikimedia.org/wikipedia/commons/thumb/8/89/Rotterdam_De_Kuip_1.jpg/250px-Rotterdam_De_Kuip_1.jpg,Feyenoord,
176,Estadio BBVA,53529,North America,Mexico,Monterrey,https://upload.wikimedia.org/wikipedia/commons/thumb/f/f9/Estadio_BBVA.jpg/250px-Estadio_BBVA.jpg,CF Monterrey,
177,Ghadir Stadium,51000,West Asia,Iran,Ahvaz,https://upload.wikimedia.org/wikipedia/commons/thumb/5/5a/Al-Ghadeer_Stadium.jpg/250px-Al-Ghadeer_Stadium.jpg,Foolad FC,
178,Estádio José Pinheiro Borda,50942,South America,Brazil,Porto Alegre. Rio Grande do Sul,https://upload.wikimedia.org/wikipedia/commons/thumb/3/31/Beira-Rio-Stadium-Porto-Alegre-Brazil.jpg/250px-Beira-Rio-Stadium-Porto-Alegre-Brazil.jpg,SC Internacional,
179,Shizuoka Stadium,50889,East Asia,Japan,"Fukuroi, Shizuoka",https://upload.wikimedia.org/wikipedia/commons/thumb/d/d7/Ecopa030304.jpg/250px-Ecopa030304.jpg,"Júbilo Iwata, Shimizu S-Pulse, Shizuoka Blue Revs",
180,Ernst-Happel-Stadion,50865,Europe,Austria,Vienna,https://upload.wikimedia.org/wikipedia/commons/thumb/3/3c/EM_2008_Elfmeter_Kroatien_%C3%96sterreich.jpg/250px-EM_2008_Elfmeter_Kroatien_%C3%96sterreich.jpg,Austria national football team,
181,Hocine Ait Ahmed Stadium,50766,Africa,Algeria,Tizi Ouzou,https://upload.wikimedia.org/wikipedia/commons/thumb/e/e2/Tizi_Ouzou_Stadium_at_night.jpg/250px-Tizi_Ouzou_Stadium_at_night.jpg,JS Kabylie,
182,Estadio Cuauhtémoc,50754,North America,Mexico,Puebla,https://upload.wikimedia.org/wikipedia/commons/thumb/2/24/Rampa_norte.jpg/250px-Rampa_norte.jpg,Puebla FC,
183,Phoenix Hill Football Stadium,50695,Asia,China,Chengdu,https://upload.wikimedia.org/wikipedia/commons/thumb/f/fd/%E6%88%90%E9%83%BD%E5%87%A4%E5%87%B0%E5%B1%B1%E4%BD%93%E8%82%B2%E5%85%AC%E5%9B%AD%E4%B8%93%E4%B8%9A%E8%B6%B3%E7%90%83%E5%9C%BA_Chengdu_Fenghuangshan_Sports_Park-football_stadium.jpg/250px-%E6%88%90%E9%83%BD%E5%87%A4%E5%87%B0%E5%B1%B1%E4%BD%93%E8%82%B2%E5%85%AC%E5%9B%AD%E4%B8%93%E4%B8%9A%E8%B6%B3%E7%90%83%E5%9C%BA_Chengdu_Fenghuangshan_Sports_Park-football_stadium.jpg,Chengdu Rongcheng,
184,Strawberry Arena,50653,Europe,Sweden,Solna,https://upload.wikimedia.org/wikipedia/commons/thumb/2/2b/FriendsArena_SwedenSpain.jpg/250px-FriendsArena_SwedenSpain.jpg,"Sweden men's national football team, AIK Fotboll",
185,Ülker Stadyumu,50509,West Asia,Turkey,Istanbul,https://upload.wikimedia.org/wikipedia/commons/thumb/6/67/Sukrusaracoglu.jpg/250px-Sukrusaracoglu.jpg,Fenerbahçe,
186,Stade Pierre-Mauroy,50186,Europe,France,Villeneuve-d'Ascq,https://upload.wikimedia.org/wikipedia/commons/thumb/1/18/Russia_v_Slovakia_%282016-06-15%29_18.jpg/250px-Russia_v_Slovakia_%282016-06-15%29_18.jpg,Lille OSC,
187,Stade Roi Baudouin,50122,Europe,Belgium,Brussels,https://upload.wikimedia.org/wikipedia/commons/thumb/a/a4/Stade_Roi_Baudouin.JPG/250px-Stade_Roi_Baudouin.JPG,Belgium national football team,
188,Shaanxi Province Stadium,50100,East Asia,China,"Xi'an, Shaanxi",https://upload.wikimedia.org/wikipedia/commons/thumb/0/0a/No-image-available.png/480px-No-image-available.png,,
189,Ajinomoto Stadium,50100,East Asia,Japan,"Chofu, Tokyo",https://upload.wikimedia.org/wikipedia/commons/thumb/5/5c/Ajinomoto_Stadium_2018-13.jpg/250px-Ajinomoto_Stadium_2018-13.jpg,"FC Tokyo, Tokyo Verdy, Tokyo Sungoliath, Toshiba Brave Lupus Tokyo",
190,Estádio do Dragão,50033,Europe,Portugal,Porto,https://upload.wikimedia.org/wikipedia/commons/thumb/b/b8/Porto_Est%C3%A1dio_do_Drag%C3%A3o_2.jpg/250px-Porto_Est%C3%A1dio_do_Drag%C3%A3o_2.jpg,FC Porto,
191,Casa de Apostas Arena Fonte Nova,50025,South America,Brazil,"Salvador, Bahia",https://upload.wikimedia.org/wikipedia/commons/thumb/3/35/Arena_Fonte_Nova_External_View.jpg/250px-Arena_Fonte_Nova_External_View.jpg,EC Bahia,
192,Kai Tak Stadium,50000,East Asia,Hong Kong,Kowloon City,https://upload.wikimedia.org/wikipedia/commons/thumb/d/db/2024%E5%B9%B410%E6%9C%88-%E5%95%9F%E5%BE%B7%E9%AB%94%E8%82%B2%E5%9C%92.jpg/250px-2024%E5%B9%B410%E6%9C%88-%E5%95%9F%E5%BE%B7%E9%AB%94%E8%82%B2%E5%9C%92.jpg,Hong Kong national football team,
193,Stade Olympique de Sousse,50000,Africa,Tunisia,Sousse,https://upload.wikimedia.org/wikipedia/commons/thumb/9/98/Stade_olympique_de_Sousse%2C_vue_panoramique%2C_1_Mars_2025.jpg/250px-Stade_olympique_de_Sousse%2C_vue_panoramique%2C_1_Mars_2025.jpg,Étoile du Sahel,
194,Rhein­Energie­STADION,50000,Europe,Germany,Cologne,https://upload.wikimedia.org/wikipedia/commons/thumb/8/82/FIFA_WM06_Stadion_Koeln.jpg/250px-FIFA_WM06_Stadion_Koeln.jpg,1. FC Köln,
195,Harbin Sports City Centre Stadium,50000,East Asia,China,"Harbin, Heilongjiang",https://upload.wikimedia.org/wikipedia/commons/thumb/0/0a/No-image-available.png/480px-No-image-available.png,,
196,Greenfield International Stadium,50000,South Asia,India,Trivandrum,https://upload.wikimedia.org/wikipedia/commons/thumb/3/35/Greenfield_International_Stadium_Kerala.jpg/250px-Greenfield_International_Stadium_Kerala.jpg,,
197,EMS Stadium,50000,South Asia,India,Kozhikode,https://upload.wikimedia.org/wikipedia/commons/thumb/1/1b/Kozhikode_EMS_Stadium.jpg/250px-Kozhikode_EMS_Stadium.jpg,"India national football team, Gokulam Kerala FC",
198,KD Singh Babu Stadium,50000,South Asia,India,Lucknow,https://upload.wikimedia.org/wikipedia/commons/thumb/6/60/K_D_Singh_Babu_Stadium.jpg/250px-K_D_Singh_Babu_Stadium.jpg,,
199,Eden Park,50000,Oceania,New Zealand,Auckland,https://upload.wikimedia.org/wikipedia/commons/thumb/e/e6/Auckland_EdenPark.jpg/250px-Auckland_EdenPark.jpg,"Auckland Blues, New Zealand Warriors",
200,Estádio 11 de Novembro,50000,Africa,Angola,Luanda,https://upload.wikimedia.org/wikipedia/commons/thumb/6/6b/Football_stadium_%286178263468%29.jpg/250px-Football_stadium_%286178263468%29.jpg,"Angola national football team, Primeiro de Agosto, Petro Luanda",
201,Henan Provincial Stadium,50000,East Asia,China,"Zhengzhou, Henan",https://upload.wikimedia.org/wikipedia/commons/thumb/0/0a/No-image-available.png/480px-No-image-available.png,,
202,Jiangxi Olympic Sports Center,50000,East Asia,China,"Nanchang, Jiangxi",https://upload.wikimedia.org/wikipedia/commons/thumb/0/0a/No-image-available.png/480px-No-image-available.png,,
203,Max-Morlock-Stadion,50000,Europe,Germany,Nuremberg,https://upload.wikimedia.org/wikipedia/commons/thumb/1/15/Frankenstadion_2.JPG/250px-Frankenstadion_2.JPG,1. FC Nürnberg,
204,June 11 Stadium,50000,Africa,Libya,Tripoli,https://upload.wikimedia.org/wikipedia/commons/thumb/7/77/11_June_Stadium_BenTaher.jpg/250px-11_June_Stadium_BenTaher.jpg,"Libya, Al-Ahly SC, Al-Ittihad Tripoli, Al-Madina SC",
205,Xinjiang Sports Centre Stadium,50000,East Asia,China,"Urumqi, Xinjiang",https://upload.wikimedia.org/wikipedia/commons/thumb/0/0a/No-image-available.png/480px-No-image-available.png,,
206,Kim Il-sung Stadium,50000,East Asia,North Korea,Pyongyang,https://upload.wikimedia.org/wikipedia/commons/thumb/3/39/North_Korea_v_Philippines%2C_8_October_2015_F.png/250px-North_Korea_v_Philippines%2C_8_October_2015_F.png,Pyongyang City Sports Club,
207,EDION Stadium Hiroshima,50000,East Asia,Japan,Hiroshima,https://upload.wikimedia.org/wikipedia/commons/thumb/3/3e/Big_Arch_Stadium_Panorama.jpg/250px-Big_Arch_Stadium_Panorama.jpg,Sanfrecce Hiroshima,
208,Pars Shiraz Stadium,50000,West Asia,Iran,Shiraz,https://upload.wikimedia.org/wikipedia/commons/thumb/b/be/Pars_Stadium_Photos_Image_6.jpg/250px-Pars_Stadium_Photos_Image_6.jpg,Fajr Sepasi Shiraz FC,
209,Stade du 26 mars,50000,Africa,Mali,Bamako,https://upload.wikimedia.org/wikipedia/commons/thumb/0/0a/No-image-available.png/480px-No-image-available.png,Stade Malien,
210,Stade Abdoulaye Wade,50000,Africa,Senegal,Dakar,https://upload.wikimedia.org/wikipedia/commons/thumb/0/0a/No-image-available.png/480px-No-image-available.png,Senegal national football team,
211,Sultan Mizan Zainal Abidin Stadium,50000,Southeast Asia,Malaysia,Kuala Terengganu,https://upload.wikimedia.org/wikipedia/commons/thumb/0/00/Sultan_Mizan_Zainal_Abidin_Stadium_%28Night%29_2021.jpg/250px-Sultan_Mizan_Zainal_Abidin_Stadium_%28Night%29_2021.jpg,Terengganu FA,
212,Estadio Akron,49850,North America,Mexico,Guadalajara,https://upload.wikimedia.org/wikipedia/commons/thumb/f/f1/Omnilife_Stadium.png/250px-Omnilife_Stadium.png,C.D. Guadalajara,
213,Levy Mwanawasa Stadium,49800,Africa,Zambia,Lusaka,https://upload.wikimedia.org/wikipedia/commons/thumb/0/0a/No-image-available.png/480px-No-image-available.png,Zesco United,
214,Fritz-Walter-Stadion,49780,Europe,Germany,Kaiserslautern,https://upload.wikimedia.org/wikipedia/commons/thumb/1/18/Kaiserslautern_18.JPG/250px-Kaiserslautern_18.JPG,1. FC Kaiserslautern,
215,Estadio José Amalfitani,49540,South America,Argentina,Buenos Aires,https://upload.wikimedia.org/wikipedia/commons/thumb/3/33/Argentina_A_vs_Inglaterra_A_02.JPG/250px-Argentina_A_vs_Inglaterra_A_02.JPG,CA Vélez Sársfield,
216,Camille Chamoun Sports City Stadium,49500,West Asia,Lebanon,Beirut,https://upload.wikimedia.org/wikipedia/commons/thumb/a/a8/Camille_Chamoun_Sports_City_Stadium_2018_-_Beirut_derby_%28Nejmeh_fans%29.png/250px-Camille_Chamoun_Sports_City_Stadium_2018_-_Beirut_derby_%28Nejmeh_fans%29.png,"Lebanon national football team, Al Ahed FC, Al Ansar FC, Nejmeh SC",
217,Mestalla,49430,Europe,Spain,Valencia,https://upload.wikimedia.org/wikipedia/commons/thumb/a/af/CAMP_DE_MESTALLA_GRADA_DE_LA_MAR_2014_%282%29.JPG/250px-CAMP_DE_MESTALLA_GRADA_DE_LA_MAR_2014_%282%29.JPG,Valencia CF,
218,Miyagi Stadium,49133,East Asia,Japan,"Rifu, Miyagi",https://upload.wikimedia.org/wikipedia/commons/thumb/9/9b/MiyagiStadiumTrackField.jpg/250px-MiyagiStadiumTrackField.jpg,Vegalta Sendai,
219,Incheon Munhak Stadium,49084,East Asia,South Korea,Incheon,https://upload.wikimedia.org/wikipedia/commons/thumb/d/df/Munhak_Stadium_Corner.jpg/250px-Munhak_Stadium_Corner.jpg,,
220,Heinz-von-Heiden-Arena,49000,Europe,Germany,Hanover,https://upload.wikimedia.org/wikipedia/commons/thumb/9/9e/HDI_Arena%2C_WM_Stadion_2006.jpg/250px-HDI_Arena%2C_WM_Stadion_2006.jpg,Hannover 96,
221,Parc des Princes,48712,Europe,France,Paris,https://upload.wikimedia.org/wikipedia/commons/thumb/8/89/PSG-Nantes_Parc_des_Princes_05.jpg/250px-PSG-Nantes_Parc_des_Princes_05.jpg,Paris Saint-Germain,
222,Stadium of Light,48707,Europe,England,"Sunderland, Tyne and Wear",https://upload.wikimedia.org/wikipedia/commons/thumb/e/e1/The_Strongbow_Stand_at_the_Stadium_of_Light_-_geograph.org.uk_-_6233873.jpg/250px-The_Strongbow_Stand_at_the_Stadium_of_Light_-_geograph.org.uk_-_6233873.jpg,Sunderland AFC,
223,Estadio Nacional,48665,South America,Chile,Santiago,https://upload.wikimedia.org/wikipedia/commons/thumb/4/46/Ceremonia_Inauguraci%C3%B3n_Juegos_Panamericanos_2023_02.jpg/250px-Ceremonia_Inauguraci%C3%B3n_Juegos_Panamericanos_2023_02.jpg,"Chile national football team, CF Universidad de Chile",
224,Nelson Mandela Bay Stadium,48459,Africa,South Africa,"Port Elizabeth, Eastern Cape",https://upload.wikimedia.org/wikipedia/commons/thumb/9/9b/Nelson_Mandela_Stadium_in_Port_Elizabeth_%28cropped%29.jpg/250px-Nelson_Mandela_Stadium_in_Port_Elizabeth_%28cropped%29.jpg,Chippa United FC,
225,Estadio Tomás Adolfo Ducó,48314,South America,Argentina,Buenos Aires,https://upload.wikimedia.org/wikipedia/commons/thumb/3/3c/Estadio_huracan_interior_tribuna_gcba.jpg/250px-Estadio_huracan_interior_tribuna_gcba.jpg,CA Huracán,
226,Jinnah Sports Stadium,48200,South Asia,Pakistan,Islamabad,https://upload.wikimedia.org/wikipedia/commons/thumb/1/12/Jinnah_Sports_Stadium_track_and_field.jpg/250px-Jinnah_Sports_Stadium_track_and_field.jpg,Pakistan national football team,
227,Choctaw Stadium,48114,North America,United States,"Arlington, Texas",https://upload.wikimedia.org/wikipedia/commons/thumb/0/0a/Globe_Life_Park_in_Arlington_Panoramic_Picture.jpg/250px-Globe_Life_Park_in_Arlington_Panoramic_Picture.jpg,North Texas SC,
228,Estadio Libertadores de América,48069,South America,Argentina,Avellaneda,https://upload.wikimedia.org/wikipedia/commons/thumb/b/b3/Estadio_Libertadores_de_America_2014.JPG/250px-Estadio_Libertadores_de_America_2014.JPG,Club Atlético Independiente,
229,Free State Stadium,48000,Africa,South Africa,"Bloemfontein, Free State",https://upload.wikimedia.org/wikipedia/commons/thumb/9/9e/Free_State_Stadium1.jpg/250px-Free_State_Stadium1.jpg,"Bloemfontein Celtic, Toyota Cheetahs",
230,Nagai Stadium,47816,East Asia,Japan,Osaka,https://upload.wikimedia.org/wikipedia/commons/thumb/3/3e/Nagai_stadium20040717.jpg/250px-Nagai_stadium20040717.jpg,"Cerezo Osaka, NTT DoCoMo Red Hurricanes Osaka",
231,Neo Química Arena,47605,South America,Brazil,"São Paulo, São Paulo",https://upload.wikimedia.org/wikipedia/commons/thumb/6/64/Corinthians_x_Gr%C3%AAmio_-_Brasileir%C3%A3o_2016.jpg/250px-Corinthians_x_Gr%C3%AAmio_-_Brasileir%C3%A3o_2016.jpg,Corinthians,
232,Rogers Centre,47568,North America,Canada,"Toronto, Ontario",https://upload.wikimedia.org/wikipedia/commons/thumb/f/f4/Fisheye_view_from_the_Corona_Rooftop_Patio_-_Rogers_Centre.jpg/250px-Fisheye_view_from_the_Corona_Rooftop_Patio_-_Rogers_Centre.jpg,"Toronto FC, Toronto Argonauts",
233,Estadio Monumental,47347,South America,Chile,Santiago,https://upload.wikimedia.org/wikipedia/commons/thumb/0/0e/Estadio_Monumental_2009.jpg/250px-Estadio_Monumental_2009.jpg,Colo-Colo,
234,Yankee Stadium,47309,North America,United States,"New York City, New York",https://upload.wikimedia.org/wikipedia/commons/thumb/a/ae/New_York_Yankees_Stadion_%2821603969303%29_%282%29.jpg/250px-New_York_Yankees_Stadion_%2821603969303%29_%282%29.jpg,"New York City FC, New York Yankees",
235,Stadio Artemio Franchi,47282,Europe,Italy,Florence,https://upload.wikimedia.org/wikipedia/commons/thumb/a/aa/Soccer_in_Florence%2C_Italy%2C_2007.jpg/250px-Soccer_in_Florence%2C_Italy%2C_2007.jpg,ACF Fiorentina,
236,Protective Stadium,47100,North America,United States,"Birmingham, Alabama",https://upload.wikimedia.org/wikipedia/commons/thumb/a/a8/Protective_Stadium.jpg/250px-Protective_Stadium.jpg,"Birmingham Legion FC, Birmingham Stallions, UAB Blazers football",
237,Estadio Ciudad de Lanús – Néstor Díaz Pérez,47027,South America,Argentina,Lanús,https://upload.wikimedia.org/wikipedia/commons/thumb/1/1e/Editat%C3%B3n_Club_Lan%C3%BAs_-_Instalaciones_%288%29.JPG/250px-Editat%C3%B3n_Club_Lan%C3%BAs_-_Instalaciones_%288%29.JPG,CA Lanús,
238,Estadio Metropolitano Roberto Meléndez,46788,South America,Colombia,Barranquilla,https://upload.wikimedia.org/wikipedia/commons/thumb/b/b0/Estadio_Metropolitano_de_Baranquilla_2011.jpg/250px-Estadio_Metropolitano_de_Baranquilla_2011.jpg,"Colombia national football team, Atlético Junior",
239,Estádio Olímpico Nilton Santos,46831,South America,Brazil,"Rio de Janeiro, Rio de Janeiro",https://upload.wikimedia.org/wikipedia/commons/thumb/a/a8/Est%C3%A1dio_Municipal_Jo%C3%A3o_Havelange_14072007.jpg/250px-Est%C3%A1dio_Municipal_Jo%C3%A3o_Havelange_14072007.jpg,Botafogo FR,
240,Itaipava Arena Pernambuco,46154,South America,Brazil,"São Lourenço da Mata, Pernambuco",https://upload.wikimedia.org/wikipedia/commons/thumb/6/62/Panorama_of_Arena_Pernambuco.jpg/250px-Panorama_of_Arena_Pernambuco.jpg,Náutico,
241,Arena MRV,46000,South America,Brazil,"Belo Horizonte, Minas Gerais",https://upload.wikimedia.org/wikipedia/commons/thumb/7/7e/Atl%C3%A9tico_Mineiro_v_Bahia%2C_Arena_MRV%2C_Belo_Horizonte%2C_2024.jpg/250px-Atl%C3%A9tico_Mineiro_v_Bahia%2C_Arena_MRV%2C_Belo_Horizonte%2C_2024.jpg,C Atlético Mineiro,
242,Estádio Paulo Constantino,45954,South America,Brazil,"Presidente Prudente, São Paulo",https://upload.wikimedia.org/wikipedia/commons/thumb/c/c0/Derby_Paulista_%28Corinthians-Palmeiras%29_Paulist%C3%A3o_2009.jpg/250px-Derby_Paulista_%28Corinthians-Palmeiras%29_Paulist%C3%A3o_2009.jpg,Grêmio Prudente,
243,Estadio Atanasio Girardot,45739,South America,Colombia,Medellín,https://upload.wikimedia.org/wikipedia/commons/thumb/4/4a/Atanasio_Girardot_Stadium.jpg/250px-Atanasio_Girardot_Stadium.jpg,"Atlético Nacional, Independiente Medellín",
244,Amahoro Stadium,45508,Africa,Rwanda,Kigali,https://upload.wikimedia.org/wikipedia/commons/thumb/0/0a/No-image-available.png/480px-No-image-available.png,Rwanda national football team,
245,Adrar Stadium,45480,Africa,Morocco,Agadir,https://upload.wikimedia.org/wikipedia/commons/thumb/5/51/Stade-Adrar2019.png/250px-Stade-Adrar2019.png,"Hassania Agadir, Morocco national team",
246,Lukoil Arena,45360,Europe,Russia,Moscow,https://upload.wikimedia.org/wikipedia/commons/thumb/6/62/Match_veteranov_Spartaka_%2813%29.jpg/250px-Match_veteranov_Spartaka_%2813%29.jpg,Spartak Moscow,
247,Grand stade de Marrakech,45240,Africa,Morocco,Marrakesh,https://upload.wikimedia.org/wikipedia/commons/thumb/0/0d/Stade_de_marrakech.jpg/250px-Stade_de_marrakech.jpg,"Kawkab Marrakech, Morocco national team",
248,Mandela National Stadium,45202,Africa,Uganda,Kampala,https://upload.wikimedia.org/wikipedia/commons/thumb/a/a4/Namboole_Stadium_Matchday_13.jpg/250px-Namboole_Stadium_Matchday_13.jpg,Uganda national football team,
249,Tarczyński Arena Wrocław,45105,Europe,Poland,Wrocław,https://upload.wikimedia.org/wikipedia/commons/thumb/a/a3/Wroc%C5%82aw_Municipal_Stadium_-_Euro_2012_%28panorama%29.jpg/250px-Wroc%C5%82aw_Municipal_Stadium_-_Euro_2012_%28panorama%29.jpg,Śląsk Wrocław,
250,Kazan Arena,45105,Europe,Russia,Kazan,https://upload.wikimedia.org/wikipedia/commons/thumb/5/56/Poland_v._Colombia_%2842095441565%29.jpg/250px-Poland_v._Colombia_%2842095441565%29.jpg,Rubin Kazan,
251,Estadio Inca Garcilaso de la Vega,45056,South America,Peru,Cusco,https://upload.wikimedia.org/wikipedia/commons/thumb/1/10/Estadio_garcilaso_cienciano.jpg/250px-Estadio_garcilaso_cienciano.jpg,"CS Cienciano, Deportivo Garcilaso, Cusco FC",
252,Sanya Sports Centre Egret Stadium,45000,East Asia,China,Sanya,https://upload.wikimedia.org/wikipedia/commons/thumb/0/0a/No-image-available.png/480px-No-image-available.png,,
253,24 February 1956 Stadium,45000,Africa,Algeria,Sidi Bel Abbès,https://upload.wikimedia.org/wikipedia/commons/thumb/b/b1/Stade_24_F%C3%A9vrier_1956.jpg/250px-Stade_24_F%C3%A9vrier_1956.jpg,USM Bel Abbès,
254,Estádio da Machava,45000,Africa,Mozambique,Maputo,https://upload.wikimedia.org/wikipedia/commons/thumb/0/0a/No-image-available.png/480px-No-image-available.png,Mozambique national football team,
255,Stadion Gelora Bung Tomo,45000,Southeast Asia,Indonesia,"Surabaya, East Java",https://upload.wikimedia.org/wikipedia/commons/thumb/a/a1/Gelora_Bung_Tomo_renovated.jpg/250px-Gelora_Bung_Tomo_renovated.jpg,Persebaya Surabaya,
256,Stadion Harapan Banga,45000,Southeast Asia,Indonesia,"Banda Aceh, Aceh",https://upload.wikimedia.org/wikipedia/commons/thumb/0/0a/No-image-available.png/480px-No-image-available.png,"Persiraja, Aceh United",
257,Estadio General Pablo Rojas,45000,South America,Paraguay,Asunción,https://upload.wikimedia.org/wikipedia/commons/thumb/c/c4/Estadio_General_Pablo_Rojas.jpg/250px-Estadio_General_Pablo_Rojas.jpg,Club Cerro Porteño,
258,Latakia Sports City Stadium,45000,West Asia,Syria,Latakia,https://upload.wikimedia.org/wikipedia/commons/thumb/0/0a/No-image-available.png/480px-No-image-available.png,,
259,Zibo Sports Centre Stadium,45000,East Asia,China,"Zibo, Shandong",https://upload.wikimedia.org/wikipedia/commons/thumb/b/bd/%E6%B7%84%E5%8D%9A%E5%B8%82%E4%BD%93%E8%82%B2%E4%B8%AD%E5%BF%83%E4%BD%93%E8%82%B2%E5%9C%BA.jpg/250px-%E6%B7%84%E5%8D%9A%E5%B8%82%E4%BD%93%E8%82%B2%E4%B8%AD%E5%BF%83%E4%BD%93%E8%82%B2%E5%9C%BA.jpg,,
260,Weifang Sports Centre Stadium,45000,East Asia,China,"Weifang, Shandong",https://upload.wikimedia.org/wikipedia/commons/thumb/0/0a/No-image-available.png/480px-No-image-available.png,,
261,Yantai Sports Park Stadium,45000,East Asia,China,"Yantai, Shandong",https://upload.wikimedia.org/wikipedia/commons/thumb/0/0a/No-image-available.png/480px-No-image-available.png,,
262,Stadium Tuanku Abdul Rahman,45000,Southeast Asia,Malaysia,Seremban,https://upload.wikimedia.org/wikipedia/commons/thumb/f/f5/Stadium_Tuanku_Abdul_Rahman%2C_Paroi.jpg/250px-Stadium_Tuanku_Abdul_Rahman%2C_Paroi.jpg,"ATM FA, Negeri Sembilan",
263,Stade du Complexe sportif de Fès,45000,Africa,Morocco,Fes,https://upload.wikimedia.org/wikipedia/commons/thumb/1/1c/Complexe_sportif_de_F%C3%A8s.jpg/250px-Complexe_sportif_de_F%C3%A8s.jpg,"Wydad de Fès, Maghreb de Fès, Morocco national team",
264,Lagos National Stadium,45000,Africa,Nigeria,Lagos,https://upload.wikimedia.org/wikipedia/commons/thumb/0/0a/No-image-available.png/480px-No-image-available.png,Nigeria national football team,
265,Egyptian Army Stadium,45000,Africa,Egypt,Suez,https://upload.wikimedia.org/wikipedia/commons/thumb/0/0a/No-image-available.png/480px-No-image-available.png,,
266,Toyota Stadium,45000,East Asia,Japan,"Toyota City, Aichi",https://upload.wikimedia.org/wikipedia/commons/thumb/5/58/JPNxGEO20180623_%283%29.jpg/250px-JPNxGEO20180623_%283%29.jpg,"Nagoya Grampus, Toyota Verblitz",
267,Zayed Sports City Stadium,45000,West Asia,United Arab Emirates,Abu Dhabi,https://upload.wikimedia.org/wikipedia/commons/thumb/a/a7/Abu_Dhabi_Zayed_Sports_City_Stadium_2.jpg/250px-Abu_Dhabi_Zayed_Sports_City_Stadium_2.jpg,,
268,Red Bull Arena,44345,Europe,Germany,Leipzig,https://upload.wikimedia.org/wikipedia/commons/thumb/c/ca/Leipzig_stadium.jpg/250px-Leipzig_stadium.jpg,RB Leipzig,
269,Estádio Governador Alberto Tavares Silva,44200,South America,Brazil,Teresina,https://upload.wikimedia.org/wikipedia/commons/thumb/0/00/Est%C3%A1dio_Governador_Alberto_Tavares_Silva%2C_Teresina_PI.jpg/250px-Est%C3%A1dio_Governador_Alberto_Tavares_Silva%2C_Teresina_PI.jpg,"River AC, EC Flamengo, Piauí EC, SE Tiradentes, Auto EC",
270,Estádio Universitário Pedro Pedrossian,44200,South America,Brazil,"Campo Grande, Mato Grosso do Sul",https://upload.wikimedia.org/wikipedia/commons/thumb/2/22/Est%C3%A1dio_Universit%C3%A1rio_Pedro_Pedrossian_0253l.jpg/250px-Est%C3%A1dio_Universit%C3%A1rio_Pedro_Pedrossian_0253l.jpg,"EC Comercial, Operário FC",
271,Ulsan Munsu Football Stadium,44102,East Asia,South Korea,Ulsan,https://upload.wikimedia.org/wikipedia/commons/thumb/0/0a/No-image-available.png/480px-No-image-available.png,Ulsan HD FC,
272,Arena Pantanal,44097,South America,Brazil,"Cuiabá, Mato Grosso",https://upload.wikimedia.org/wikipedia/commons/thumb/1/1c/Arena_Pantanal.jpg/250px-Arena_Pantanal.jpg,"Cuiabá, Mixto EC",
273,Arena da Amazônia,44000,South America,Brazil,"Manaus, Amazonas",https://upload.wikimedia.org/wikipedia/commons/thumb/4/43/Arena_Amaz%C3%B4nia_Manaus.jpg/250px-Arena_Amaz%C3%B4nia_Manaus.jpg,Nacional FC,
274,Suwon World Cup Stadium,43959,East Asia,South Korea,Suwon,https://upload.wikimedia.org/wikipedia/commons/thumb/2/2e/20121003_Suwon_vs_Seoul.jpg/250px-20121003_Suwon_vs_Seoul.jpg,Suwon Samsung Bluewings,
275,Stadion Utama Riau,43923,Southeast Asia,Indonesia,"Pekanbaru, Riau",https://upload.wikimedia.org/wikipedia/commons/thumb/4/4b/Riau_Main_Stadium_%28cropped%29.JPG/250px-Riau_Main_Stadium_%28cropped%29.JPG,PSPS Pekanbaru,
276,Estadio Ramón Sánchez Pizjuán,43864,Europe,Spain,Seville,https://upload.wikimedia.org/wikipedia/commons/thumb/1/17/Sevilla2-1Lega20182.jpg/250px-Sevilla2-1Lega20182.jpg,Sevilla FC,
277,Allianz Parque,43713,South America,Brazil,"São Paulo, São Paulo",https://upload.wikimedia.org/wikipedia/commons/thumb/9/95/Imagens_da_Cidade_de_S%C3%A3o_Paulo_e_Zool%C3%B3gico_da_Capital_Paulista._%2847480340301%29.jpg/250px-Imagens_da_Cidade_de_S%C3%A3o_Paulo_e_Zool%C3%B3gico_da_Capital_Paulista._%2847480340301%29.jpg,SE Palmeiras,
278,Shandong Provincial Stadium,43700,East Asia,China,"Jinan, Shandong",https://upload.wikimedia.org/wikipedia/commons/thumb/4/49/SHANGDONGSPORTS.jpg/250px-SHANGDONGSPORTS.jpg,,
279,Polsat Plus Arena Gdańsk,43615,Europe,Poland,Gdańsk,https://upload.wikimedia.org/wikipedia/commons/thumb/1/17/Gda%C5%84sk%2C_Stadion_PGE_Arena_-_fotopolska.eu_%28326975%29.jpg/250px-Gda%C5%84sk%2C_Stadion_PGE_Arena_-_fotopolska.eu_%28326975%29.jpg,Lechia Gdańsk,
280,Estadio Pedro Bidegain,43494,South America,Argentina,Buenos Aires,https://upload.wikimedia.org/wikipedia/commons/thumb/1/10/Platea_Este_Nuevo_Gasometro_1.jpg/250px-Platea_Este_Nuevo_Gasometro_1.jpg,CA San Lorenzo de Almagro,
281,Stadion Miejski w Poznaniu,43269,Europe,Poland,Poznań,https://upload.wikimedia.org/wikipedia/commons/thumb/c/c0/Stadion_Miejski_w_Poznaniu_2013_panorama.jpg/250px-Stadion_Miejski_w_Poznaniu_2013_panorama.jpg,"Lech Poznań, Warta Poznań",
282,Vasil Levski National Stadium,43230,Europe,Bulgaria,Sofia,https://upload.wikimedia.org/wikipedia/commons/thumb/9/93/Vasil_Levski_National_Stadium_2022.jpg/250px-Vasil_Levski_National_Stadium_2022.jpg,Bulgaria national football team,
283,Estadio Universidad San Marcos,43000,South America,Peru,Lima,https://upload.wikimedia.org/wikipedia/commons/thumb/a/a3/UNMSM_Estadio_San_Marcos_-_2019.png/250px-UNMSM_Estadio_San_Marcos_-_2019.png,Deportivo Universidad San Marcos,
284,Ullevi,43000,Europe,Sweden,Gothenburg,https://upload.wikimedia.org/wikipedia/commons/thumb/8/8d/Ullevi_stadium%2C_23_june_2018.png/250px-Ullevi_stadium%2C_23_june_2018.png,Sweden women's national football team,
285,Jinzhou Binhai Sports Centre Stadium,43000,East Asia,China,Jinzhou,https://upload.wikimedia.org/wikipedia/commons/thumb/0/0a/No-image-available.png/480px-No-image-available.png,,
286,Estadio General Santander,42901,South America,Colombia,Cúcuta,https://upload.wikimedia.org/wikipedia/commons/thumb/4/46/Cucuta704.jpg/250px-Cucuta704.jpg,Cúcuta Deportivo,
287,Villa Park,43205,Europe,England,"Birmingham, West Midlands",https://upload.wikimedia.org/wikipedia/commons/thumb/a/a1/Villa_Stadion_panorama_2016.jpg/250px-Villa_Stadion_panorama_2016.jpg,Aston Villa,
288,Perak Stadium,42500,Southeast Asia,Malaysia,Perak,https://upload.wikimedia.org/wikipedia/commons/thumb/d/dc/Perak_Stadium.JPG/250px-Perak_Stadium.JPG,Perak FA,
289,Jeonju World Cup Stadium,42477,East Asia,South Korea,Jeonju,https://upload.wikimedia.org/wikipedia/commons/thumb/7/76/%EC%A0%84%EC%A3%BC%EC%9B%94%EB%93%9C%EC%BB%B5%EA%B2%BD%EA%B8%B0%EC%9E%A5_%EB%82%B4%EB%B6%80_%EC%A0%84%EA%B2%BD.jpg/250px-%EC%A0%84%EC%A3%BC%EC%9B%94%EB%93%9C%EC%BB%B5%EA%B2%BD%EA%B8%B0%EC%9E%A5_%EB%82%B4%EB%B6%80_%EC%A0%84%EA%B2%BD.jpg,Jeonbuk Hyundai Motors FC,
290,Ligga Arena,42372,South America,Brazil,"Curitiba, Paraná",https://upload.wikimedia.org/wikipedia/commons/thumb/b/b6/Arena-fifa-wc-2014_%289%29.jpg/250px-Arena-fifa-wc-2014_%289%29.jpg,Athletico Paranaense,
291,Weserstadion,42358,Europe,Germany,Bremen,https://upload.wikimedia.org/wikipedia/commons/thumb/a/a6/Weserstadion_panorama.JPG/250px-Weserstadion_panorama.JPG,SV Werder Bremen,
292,Denka Big Swan Stadium,42300,East Asia,Japan,"Niigata, Niigata",https://upload.wikimedia.org/wikipedia/commons/thumb/f/ff/Bigswan080628.JPG/250px-Bigswan080628.JPG,Albirex Niigata,
293,Estadio Olimpico Metropolitano de Mérida,42200,South America,Venezuela,Mérida,https://upload.wikimedia.org/wikipedia/commons/thumb/1/1f/Metropolitanodemeridacopamerica.jpg/250px-Metropolitanodemeridacopamerica.jpg,Estudiantes de Mérida,
294,Daejeon World Cup Stadium,42176,East Asia,South Korea,Daejeon,https://upload.wikimedia.org/wikipedia/commons/thumb/7/76/Daejeon_World_Cup_Stadium.JPG/250px-Daejeon_World_Cup_Stadium.JPG,Daejeon Citizen,
295,Matmut ATLANTIQUE,42115,Europe,France,Bordeaux,https://upload.wikimedia.org/wikipedia/commons/thumb/7/7f/500px_photo_%28165733217%29.jpeg/250px-500px_photo_%28165733217%29.jpeg,FC Girondins de Bordeaux,
296,Helsingin Olympia­stadion,42062,Europe,Finland,Helsinki,https://upload.wikimedia.org/wikipedia/commons/thumb/b/b3/Olympiastadion_2_2020-08-12.jpg/250px-Olympiastadion_2_2020-08-12.jpg,Finland national football team,
297,Estádio Serra Dourada,42000,South America,Brazil,"Goiânia, Goiás",https://upload.wikimedia.org/wikipedia/commons/thumb/3/30/LeandroMoura_EstadioSerraDourada_Goiania_GO_%2840268265714%29.jpg/250px-LeandroMoura_EstadioSerraDourada_Goiania_GO_%2840268265714%29.jpg,"Goiás Esporte Clube, Vila Nova, Atlético Goianiense",
298,Estadio Deportivo Cali,42000,South America,Colombia,Cali,https://upload.wikimedia.org/wikipedia/commons/thumb/9/9b/SportingCali12.png/250px-SportingCali12.png,Deportivo Cali,
299,Estadio Modelo Alberto Spencer,42000,South America,Ecuador,Guayaquil,https://upload.wikimedia.org/wikipedia/commons/thumb/b/bf/Estadio_Modelo_Lleno_2007_-_panoramio.jpg/250px-Estadio_Modelo_Lleno_2007_-_panoramio.jpg,"Club Sport Patria, Club Deportivo Everest, Panamá Sporting Club, Rocafuerte Fútbol Club",
300,Estádio do Zimpeto,42000,Africa,Mozambique,Maputo,https://upload.wikimedia.org/wikipedia/commons/thumb/0/0a/No-image-available.png/480px-No-image-available.png,Mozambique national football team,
301,Chengdu Sports Centre Stadium,42000,East Asia,China,"Chengdu, Sichuan",https://upload.wikimedia.org/wikipedia/commons/thumb/0/02/Chengdu_Sports_Center.JPG/250px-Chengdu_Sports_Center.JPG,,
302,Royal Bafokeng Stadium,42000,Africa,South Africa,"Phokeng, North West",https://upload.wikimedia.org/wikipedia/commons/thumb/6/67/Royal_Bafokeng_Stadium%2C_Phokeng.jpg/250px-Royal_Bafokeng_Stadium%2C_Phokeng.jpg,,
303,Estadio Universitario,42000,North America,Mexico,San Nicolás de los Garza,https://upload.wikimedia.org/wikipedia/commons/thumb/0/07/Estadio_Universitario_Concachampions.jpg/250px-Estadio_Universitario_Concachampions.jpg,Tigres de la UANL,
304,Estadio Brigadier General Estanislao López,42000,South America,Argentina,Santa Fe,https://upload.wikimedia.org/wikipedia/commons/thumb/5/59/Estadio_Brigadier_General_Estanislao_L%C3%B3pez_-_Col%C3%B3n_de_Santa_Fe.jpg/250px-Estadio_Brigadier_General_Estanislao_L%C3%B3pez_-_Col%C3%B3n_de_Santa_Fe.jpg,Club Atlético Colón,
305,Estadio Marcelo Bielsa,42000,South America,Argentina,Rosario,https://upload.wikimedia.org/wikipedia/commons/thumb/2/23/Estadio_Marcelo_Bielsa.jpg/250px-Estadio_Marcelo_Bielsa.jpg,Newell's Old Boys,
306,Stade Geoffroy-Guichard,41965,Europe,France,Saint-Étienne,https://upload.wikimedia.org/wikipedia/commons/thumb/9/99/St_Etienne_Stade_Geoffroy_Guichard.jpg/250px-St_Etienne_Stade_Geoffroy_Guichard.jpg,AS Saint-Étienne,
307,Vodafone Park,41903,Europe,Turkey,Istanbul,https://upload.wikimedia.org/wikipedia/commons/thumb/9/94/Vodafone_Park_Panorama.jpg/250px-Vodafone_Park_Panorama.jpg,Beşiktaş J.K.,
308,Peter Mokaba Stadium,41733,Africa,South Africa,Polokwane,https://upload.wikimedia.org/wikipedia/commons/thumb/c/cd/Teams_are_warming_up_%284738980575%29.jpg/250px-Teams_are_warming_up_%284738980575%29.jpg,Polokwane City FC,
309,Estadio Gigante de Arroyito,41654,South America,Argentina,Rosario,https://upload.wikimedia.org/wikipedia/commons/thumb/6/66/Estadio_Gigante_de_Arroyito.jpg/250px-Estadio_Gigante_de_Arroyito.jpg,Rosario Central,
310,Estadio Cachamay,41600,South America,Venezuela,Ciudad Guayana,https://upload.wikimedia.org/wikipedia/en/thumb/a/a0/CTE_Chamay_Aereo_Cut.jpg/250px-CTE_Chamay_Aereo_Cut.jpg,"Atlético Club Mineros de Guayana, AC Minervén FC",
311,Estadio de Liga Deportiva Universitaria,41596,South America,Ecuador,Quito,https://upload.wikimedia.org/wikipedia/commons/thumb/f/f6/Cl%C3%A1sico_Liga_de_Quito-Barcelona_de_Guayaquil.JPG/250px-Cl%C3%A1sico_Liga_de_Quito-Barcelona_de_Guayaquil.JPG,LDU,
312,Allianz Stadium,41507,Europe,Italy,"Turin, Piedmont",https://upload.wikimedia.org/wikipedia/commons/thumb/a/a8/Turin_Juventus_Stadium_1.jpg/250px-Turin_Juventus_Stadium_1.jpg,Juventus FC,
313,Sapporo Dome,41484,East Asia,Japan,"Sapporo, Hokkaido",https://upload.wikimedia.org/wikipedia/commons/thumb/f/f1/Sapporo_Dome_001.jpeg/250px-Sapporo_Dome_001.jpeg,Hokkaido Consadole Sapporo,
314,Stamford Bridge,41663,Europe,England,London,https://upload.wikimedia.org/wikipedia/commons/thumb/b/b1/Stamford_Bridge%2C_Chelsea_vs_Nottingham_Forest%2C_5_January_2020.jpg/250px-Stamford_Bridge%2C_Chelsea_vs_Nottingham_Forest%2C_5_January_2020.jpg,Chelsea,
315,Goyang Stadium,41311,East Asia,South Korea,Goyang,https://upload.wikimedia.org/wikipedia/commons/thumb/e/e1/Goyang_sta_1.JPG/250px-Goyang_sta_1.JPG,,
316,Estadio Hernando Siles,41143,South America,Bolivia,La Paz,https://upload.wikimedia.org/wikipedia/commons/thumb/9/9d/Hernando_Siles_Stadium_-_La_Paz.jpg/250px-Hernando_Siles_Stadium_-_La_Paz.jpg,"La Paz FC, Club Bolívar, The Strongest",
317,Bingu National Stadium,41100,Africa,Malawi,Lilongwe,https://upload.wikimedia.org/wikipedia/commons/thumb/0/0a/No-image-available.png/480px-No-image-available.png,"Flames, Big Bullets FC",
318,Mbombela Stadium,40929,Africa,South Africa,"Nelspruit, Mpumalanga",https://upload.wikimedia.org/wikipedia/commons/thumb/2/26/Mbombela_Stadium_arena.jpg/250px-Mbombela_Stadium_arena.jpg,,
319,Estadio José Pachencho Romero,40800,South America,Venezuela,Maracaibo,https://upload.wikimedia.org/wikipedia/commons/thumb/3/38/JPPachenchoRomero-16.jpg/250px-JPPachenchoRomero-16.jpg,"Deportivo JBL del Zulia, Deportivo Rayo Zuliano",
320,Stade Nelson Mandela,40784,Africa,Algeria,Algiers,https://upload.wikimedia.org/wikipedia/commons/thumb/1/12/Nelson_Mandela_Stadium.jpg/250px-Nelson_Mandela_Stadium.jpg,Algeria national football team,
321,Kashima Football Stadium,40728,East Asia,Japan,"Kashima, Ibaraki",https://upload.wikimedia.org/wikipedia/commons/thumb/b/bc/Kashima_Soccer_Stadium_5.jpg/250px-Kashima_Soccer_Stadium_5.jpg,Kashima Antlers,
322,Baba Yara Stadium,40528,Africa,Ghana,Kumasi,https://upload.wikimedia.org/wikipedia/commons/thumb/a/a3/Kumasi924.JPG/250px-Kumasi924.JPG,"Asante Kotoko, King Faisal Babes",
323,Estádio Major Antônio Couto Pereira,40502,South America,Brazil,"Curitiba, Paraná",https://upload.wikimedia.org/wikipedia/commons/thumb/7/72/Est%C3%A1dio_Couto_Pereira.jpg/250px-Est%C3%A1dio_Couto_Pereira.jpg,Coritiba Foot Ball Club,
324,Stage Front Stadium,40500,Europe,Spain,Barcelona,https://upload.wikimedia.org/wikipedia/commons/thumb/b/b6/Estadicornellaelprat_1.jpg/250px-Estadicornellaelprat_1.jpg,RCD Espanyol,
325,Estadio Metropolitano de fútbol de Lara,40312,South America,Venezuela,Barquisimeto,https://upload.wikimedia.org/wikipedia/commons/thumb/1/15/Estadio_Metropolitano_de_Lara.jpg/250px-Estadio_Metropolitano_de_Lara.jpg,Unión Lara,
326,Estadio Malvinas Argentinas,40268,South America,Argentina,Mendoza,https://upload.wikimedia.org/wikipedia/commons/thumb/6/68/Estadio_Malvinas_Argentinas.jpg/250px-Estadio_Malvinas_Argentinas.jpg,Godoy Cruz Antonio Tomba,
327,Stadion Lukas Enembe,40263,Southeast Asia,Indonesia,Nolokla,https://upload.wikimedia.org/wikipedia/commons/thumb/8/87/Lukas_Enembe_Stadium.jpg/250px-Lukas_Enembe_Stadium.jpg,Persipura Jayapura,
328,Gwangju World Cup Stadium,40245,East Asia,South Korea,Gwangju,https://upload.wikimedia.org/wikipedia/commons/thumb/7/73/Gwangju_World_Cup_Stadium.jpg/250px-Gwangju_World_Cup_Stadium.jpg,Gwangju FC,
329,Sân vận động Quốc gia Mỹ Đình,40192,Southeast Asia,Vietnam,Hanoi,https://upload.wikimedia.org/wikipedia/commons/thumb/3/39/Kh%C3%A1n_%C4%91%C3%A0i_B_-_S%C3%A2n_v%E1%BA%ADn_%C4%91%E1%BB%99ng_Qu%E1%BB%91c_gia_M%E1%BB%B9_%C4%90%C3%ACnh.jpg/250px-Kh%C3%A1n_%C4%91%C3%A0i_B_-_S%C3%A2n_v%E1%BA%ADn_%C4%91%E1%BB%99ng_Qu%E1%BB%91c_gia_M%E1%BB%B9_%C4%90%C3%ACnh.jpg,Vietnam national football team,
330,Goodison Park,40157,Europe,England,"Liverpool, North West",https://upload.wikimedia.org/wikipedia/commons/thumb/b/b9/Goodison_Park_August_2022.jpg/250px-Goodison_Park_August_2022.jpg,Everton FC Women,
331,Estádio Governador João Castelo,40149,South America,Brazil,"São Luís, Maranhão",https://upload.wikimedia.org/wikipedia/commons/thumb/d/d0/Est%C3%A1dio_Castel%C3%A3o_em_S%C3%A3o_Lu%C3%ADs%2C_Maranh%C3%A3o%2C_Brasil.jpg/250px-Est%C3%A1dio_Castel%C3%A3o_em_S%C3%A3o_Lu%C3%ADs%2C_Maranh%C3%A3o%2C_Brasil.jpg,"Sampaio Corrêa FC, Moto Club SL, Maranhão AC",
332,Miloud Hadefi Stadium,40143,Africa,Algeria,Oran,https://upload.wikimedia.org/wikipedia/commons/thumb/e/e5/Stade_de_Oran.jpg/250px-Stade_de_Oran.jpg,"Algeria national football team, MC Oran",
333,Estadio Campeón del Siglo,40005,South America,Uruguay,Montevideo,https://upload.wikimedia.org/wikipedia/commons/thumb/8/87/Estadio_Campe%C3%B3n_del_Siglo_setiembre_2021.jpg/250px-Estadio_Campe%C3%B3n_del_Siglo_setiembre_2021.jpg,Club Atlético Peñarol,
334,Metalist Stadium,40003,Europe,Ukraine,Kharkiv,https://upload.wikimedia.org/wikipedia/commons/thumb/8/84/Metalist_Stadium_Kharkiv.jpg/250px-Metalist_Stadium_Kharkiv.jpg,"FC Metalist Kharkiv, FC Shakhtar Donetsk",
335,Anoeta Stadium,40000,Europe,Spain,San Sebastián,https://upload.wikimedia.org/wikipedia/commons/thumb/0/09/Reale_Arena_Interior.png/250px-Reale_Arena_Interior.png,Real Sociedad,
336,Al-Janoub Stadium,40000,West Asia,Qatar,Al-Wakrah,https://upload.wikimedia.org/wikipedia/commons/thumb/5/57/Visita_ao_est%C3%A1dio_de_futebol_Al_Janoub_1.jpg/250px-Visita_ao_est%C3%A1dio_de_futebol_Al_Janoub_1.jpg,,
337,Al-Thumama Stadium,40000,West Asia,Qatar,Al-Thumama,https://upload.wikimedia.org/wikipedia/en/thumb/d/d6/Al_Thumama_Stadium_%282%29.jpg/250px-Al_Thumama_Stadium_%282%29.jpg,,
338,Ahmed Zabana Stadium,40000,Africa,Algeria,Oran,https://upload.wikimedia.org/wikipedia/commons/thumb/6/6a/Stade_Ahmed_Zabana_2.jpg/250px-Stade_Ahmed_Zabana_2.jpg,MC Oran,
339,Stadion Batakan,40000,Southeast Asia,Indonesia,"Balikpapan, East Kalimantan",https://upload.wikimedia.org/wikipedia/commons/thumb/d/d8/2017-11-14_Batakan.jpg/250px-2017-11-14_Batakan.jpg,Persiba Balikpapan,
340,Ali La Pointe Stadium,40000,Africa,Algeria,Algiers,https://upload.wikimedia.org/wikipedia/commons/thumb/3/35/Stade_ali_la_pointe_douera.jpg/250px-Stade_ali_la_pointe_douera.jpg,MC Alger,
341,Stadion Gelora Joko Samudro,40000,Southeast Asia,Indonesia,"Gresik, East Java",https://upload.wikimedia.org/wikipedia/commons/thumb/4/48/Gelora_Joko_Samudro_Stadium_%282016%29.jpg/250px-Gelora_Joko_Samudro_Stadium_%282016%29.jpg,Gresik United,
342,Fisht Olympic Stadium,40000,Europe,Russia,Sochi,https://upload.wikimedia.org/wikipedia/commons/thumb/e/e4/2017_Confederation_Cup_-_MEXNZL_-_Fisht.jpg/250px-2017_Confederation_Cup_-_MEXNZL_-_Fisht.jpg,,
343,Jawaharlal Nehru Stadium,40000,South Asia,India,Kochi,https://upload.wikimedia.org/wikipedia/commons/thumb/8/83/Jawaharlal_Nehru_Stadium_%28Kochi%29_in_2022.jpg/250px-Jawaharlal_Nehru_Stadium_%28Kochi%29_in_2022.jpg,"Kerala Blasters, India national football team",
344,Hang Jebat Stadium,40000,Southeast Asia,Malaysia,Malacca,https://upload.wikimedia.org/wikipedia/commons/thumb/2/20/Stadium_Hang_Jebat_015342.jpg/250px-Stadium_Hang_Jebat_015342.jpg,Melaka United,
345,Hong Kong Stadium,40000,East Asia,Hong Kong,So Kon Po,https://upload.wikimedia.org/wikipedia/commons/thumb/d/db/Hong_Kong_Stadium-1.jpg/250px-Hong_Kong_Stadium-1.jpg,South China AA,
346,Stadium Negeri Pulau Pinang,40000,Southeast Asia,Malaysia,Batu Kawan,https://upload.wikimedia.org/wikipedia/commons/thumb/9/94/Batu_Kawan_Stadium%2CPenang.jpg/250px-Batu_Kawan_Stadium%2CPenang.jpg,Penang FA,
347,Accra Sports Stadium,40000,Africa,Ghana,Accra,https://upload.wikimedia.org/wikipedia/commons/thumb/0/0a/No-image-available.png/480px-No-image-available.png,"Accra Hearts of Oak SC, Great Olympics",
348,Sarawak Stadium,40000,Southeast Asia,Malaysia,Kuching,https://upload.wikimedia.org/wikipedia/commons/thumb/0/07/Stadium_Sarawak.JPG/250px-Stadium_Sarawak.JPG,Sarawak FA,
349,Bogyoke Aung San Stadium,40000,Southeast Asia,Myanmar,Yangon,https://upload.wikimedia.org/wikipedia/commons/thumb/1/17/Aungsan_Stadium.jpg/250px-Aungsan_Stadium.jpg,Yangon United FC,
350,Resonac Dome Ōita,40000,East Asia,Japan,Ōita,https://upload.wikimedia.org/wikipedia/commons/thumb/1/17/%C5%8Cita_Stadium_2023-03.jpg/250px-%C5%8Cita_Stadium_2023-03.jpg,Ōita Trinita,
351,Stadium Darul Makmur,40000,Southeast Asia,Malaysia,Kuantan,https://upload.wikimedia.org/wikipedia/commons/thumb/d/d9/Stadium_Pahang.jpg/250px-Stadium_Pahang.jpg,Pahang FA,
352,Khalifa International Stadium,40000,West Asia,Qatar,Doha,https://upload.wikimedia.org/wikipedia/en/thumb/1/16/Khalifa_International_Stadium.jpg/250px-Khalifa_International_Stadium.jpg,Qatar national football team,
353,Stade de l’Amitié sino-gabonaise,40000,Africa,Gabon,Libreville,https://upload.wikimedia.org/wikipedia/commons/thumb/0/0a/No-image-available.png/480px-No-image-available.png,Gabon national football team,
354,Peoples Football Stadium,40000,South Asia,Pakistan,Karachi,https://upload.wikimedia.org/wikipedia/commons/thumb/0/0a/No-image-available.png/480px-No-image-available.png,Pakistan national football team,
355,JRD Tata Sports Complex Stadium,40000,South Asia,India,Jamshedpur,https://upload.wikimedia.org/wikipedia/commons/thumb/4/4e/J.R.D._Tata_Stadium.jpg/250px-J.R.D._Tata_Stadium.jpg,"Jamshedpur FC, Tata Football Academy",
356,Bao'an Stadium,40000,East Asia,China,"Shenzhen, Guangdong",https://upload.wikimedia.org/wikipedia/commons/thumb/9/91/Bao%27an_Stadium.jpg/250px-Bao%27an_Stadium.jpg,,
357,Kunming Tuodong Sports Centre Stadium,40000,East Asia,China,"Kunming, Yunnan",https://upload.wikimedia.org/wikipedia/commons/thumb/7/79/Kunming_07.JPG/250px-Kunming_07.JPG,China national football team,
358,Taizhou Sports Centre Stadium,40000,East Asia,China,"Taizhou, Zhejiang",https://upload.wikimedia.org/wikipedia/commons/thumb/0/0a/No-image-available.png/480px-No-image-available.png,,
359,Wuhu Olympic Stadium,40000,East Asia,China,"Wuhu, Anhui",https://upload.wikimedia.org/wikipedia/commons/thumb/0/0a/No-image-available.png/480px-No-image-available.png,,
360,Huizhou Olympic Stadium,40000,East Asia,China,"Huizhou, Guangdong",https://upload.wikimedia.org/wikipedia/commons/thumb/0/0a/No-image-available.png/480px-No-image-available.png,,
